-- MySQL dump 10.13  Distrib 8.0.34, for Win64 (x86_64)
--
-- Host: divamusic.me    Database: diva_test
-- ------------------------------------------------------
-- Server version	8.0.36

/*!40101 SET @OLD_CHARACTER_SET_CLIENT=@@CHARACTER_SET_CLIENT */;
/*!40101 SET @OLD_CHARACTER_SET_RESULTS=@@CHARACTER_SET_RESULTS */;
/*!40101 SET @OLD_COLLATION_CONNECTION=@@COLLATION_CONNECTION */;
/*!50503 SET NAMES utf8 */;
/*!40103 SET @OLD_TIME_ZONE=@@TIME_ZONE */;
/*!40103 SET TIME_ZONE='+00:00' */;
/*!40014 SET @OLD_UNIQUE_CHECKS=@@UNIQUE_CHECKS, UNIQUE_CHECKS=0 */;
/*!40014 SET @OLD_FOREIGN_KEY_CHECKS=@@FOREIGN_KEY_CHECKS, FOREIGN_KEY_CHECKS=0 */;
/*!40101 SET @OLD_SQL_MODE=@@SQL_MODE, SQL_MODE='NO_AUTO_VALUE_ON_ZERO' */;
/*!40111 SET @OLD_SQL_NOTES=@@SQL_NOTES, SQL_NOTES=0 */;

--
-- Table structure for table `BATCH_JOB_EXECUTION`
--

DROP TABLE IF EXISTS `BATCH_JOB_EXECUTION`;
/*!40101 SET @saved_cs_client     = @@character_set_client */;
/*!50503 SET character_set_client = utf8mb4 */;
CREATE TABLE `BATCH_JOB_EXECUTION` (
  `JOB_EXECUTION_ID` bigint NOT NULL,
  `VERSION` bigint DEFAULT NULL,
  `JOB_INSTANCE_ID` bigint NOT NULL,
  `CREATE_TIME` datetime(6) NOT NULL,
  `START_TIME` datetime(6) DEFAULT NULL,
  `END_TIME` datetime(6) DEFAULT NULL,
  `STATUS` varchar(10) DEFAULT NULL,
  `EXIT_CODE` varchar(2500) DEFAULT NULL,
  `EXIT_MESSAGE` varchar(2500) DEFAULT NULL,
  `LAST_UPDATED` datetime(6) DEFAULT NULL,
  PRIMARY KEY (`JOB_EXECUTION_ID`),
  KEY `JOB_INST_EXEC_FK` (`JOB_INSTANCE_ID`),
  CONSTRAINT `JOB_INST_EXEC_FK` FOREIGN KEY (`JOB_INSTANCE_ID`) REFERENCES `BATCH_JOB_INSTANCE` (`JOB_INSTANCE_ID`)
) ENGINE=InnoDB DEFAULT CHARSET=utf8mb4 COLLATE=utf8mb4_0900_ai_ci;
/*!40101 SET character_set_client = @saved_cs_client */;

--
-- Dumping data for table `BATCH_JOB_EXECUTION`
--

LOCK TABLES `BATCH_JOB_EXECUTION` WRITE;
/*!40000 ALTER TABLE `BATCH_JOB_EXECUTION` DISABLE KEYS */;
INSERT INTO `BATCH_JOB_EXECUTION` VALUES (1,2,1,'2024-02-13 22:57:24.936677','2024-02-13 22:57:25.060587','2024-02-13 22:57:25.136372','FAILED','FAILED','org.springframework.beans.factory.UnsatisfiedDependencyException: Error creating bean with name \'scopedTarget.albumCoverStep1\' defined in class path resource [com/diva/batch/job/albumcover/AlbumCoverConfig.class]: Unsatisfied dependency expressed through method \'albumCoverStep1\' parameter 0: Expression parsing failed\n	at org.springframework.beans.factory.support.ConstructorResolver.createArgumentArray(ConstructorResolver.java:802)\n	at org.springframework.beans.factory.support.ConstructorResolver.instantiateUsingFactoryMethod(ConstructorResolver.java:546)\n	at org.springframework.beans.factory.support.AbstractAutowireCapableBeanFactory.instantiateUsingFactoryMethod(AbstractAutowireCapableBeanFactory.java:1334)\n	at org.springframework.beans.factory.support.AbstractAutowireCapableBeanFactory.createBeanInstance(AbstractAutowireCapableBeanFactory.java:1164)\n	at org.springframework.beans.factory.support.AbstractAutowireCapableBeanFactory.doCreateBean(AbstractAutowireCapableBeanFactory.java:561)\n	at org.springframework.beans.factory.support.AbstractAutowireCapableBeanFactory.createBean(AbstractAutowireCapableBeanFactory.java:521)\n	at org.springframework.beans.factory.support.AbstractBeanFactory.lambda$doGetBean$1(AbstractBeanFactory.java:364)\n	at org.springframework.batch.core.scope.JobScope.get(JobScope.java:105)\n	at org.springframework.beans.factory.support.AbstractBeanFactory.doGetBean(AbstractBeanFactory.java:361)\n	at org.springframework.beans.factory.support.AbstractBeanFactory.getBean(AbstractBeanFactory.java:199)\n	at org.springframework.aop.target.SimpleBeanTargetSource.getTarget(SimpleBeanTargetSource.java:35)\n	at org.springframework.aop.framework.JdkDynamicAopProxy.invoke(JdkDynamicAopProxy.java:229)\n	at jdk.proxy2/jdk.proxy2.$Proxy128.getName(Unknown Source)\n	at org.springframework.batch.core.job.SimpleStepHandler.handleStep(SimpleStepHandler.java:115)\n	at org.springframework.batch.core.job.AbstractJob.handleStep(AbstractJob.java:418)\n	at org.springframework.batch.core.job.SimpleJob.doExecute(SimpleJob.java:132)\n	at org.springframework.batch.core.job.AbstractJob.execute(AbstractJob.java:317)\n	at org.springframework.batch.core.launch.support.SimpleJobLauncher$1.run(SimpleJobLauncher.java:157)\n	at org.springframework.core.task.SyncTaskExecutor.execute(SyncTaskExecutor.java:50)\n	at org.springframework.batch.core.launch.support.SimpleJobLauncher.run(SimpleJobLauncher.java:148)\n	at org.springframework.batch.core.launch.support.TaskExecutorJobLauncher.run(Task','2024-02-13 22:57:25.145650'),(2,2,2,'2024-02-13 22:58:11.659657','2024-02-13 22:58:11.880306','2024-02-13 22:58:11.964868','FAILED','FAILED','org.springframework.beans.factory.UnsatisfiedDependencyException: Error creating bean with name \'scopedTarget.albumCoverStep1\' defined in class path resource [com/diva/batch/job/albumcover/AlbumCoverConfig.class]: Unsatisfied dependency expressed through method \'albumCoverStep1\' parameter 0: Expression parsing failed\n	at org.springframework.beans.factory.support.ConstructorResolver.createArgumentArray(ConstructorResolver.java:802)\n	at org.springframework.beans.factory.support.ConstructorResolver.instantiateUsingFactoryMethod(ConstructorResolver.java:546)\n	at org.springframework.beans.factory.support.AbstractAutowireCapableBeanFactory.instantiateUsingFactoryMethod(AbstractAutowireCapableBeanFactory.java:1334)\n	at org.springframework.beans.factory.support.AbstractAutowireCapableBeanFactory.createBeanInstance(AbstractAutowireCapableBeanFactory.java:1164)\n	at org.springframework.beans.factory.support.AbstractAutowireCapableBeanFactory.doCreateBean(AbstractAutowireCapableBeanFactory.java:561)\n	at org.springframework.beans.factory.support.AbstractAutowireCapableBeanFactory.createBean(AbstractAutowireCapableBeanFactory.java:521)\n	at org.springframework.beans.factory.support.AbstractBeanFactory.lambda$doGetBean$1(AbstractBeanFactory.java:364)\n	at org.springframework.batch.core.scope.JobScope.get(JobScope.java:105)\n	at org.springframework.beans.factory.support.AbstractBeanFactory.doGetBean(AbstractBeanFactory.java:361)\n	at org.springframework.beans.factory.support.AbstractBeanFactory.getBean(AbstractBeanFactory.java:199)\n	at org.springframework.aop.target.SimpleBeanTargetSource.getTarget(SimpleBeanTargetSource.java:35)\n	at org.springframework.aop.framework.JdkDynamicAopProxy.invoke(JdkDynamicAopProxy.java:229)\n	at jdk.proxy2/jdk.proxy2.$Proxy128.getName(Unknown Source)\n	at org.springframework.batch.core.job.SimpleStepHandler.handleStep(SimpleStepHandler.java:115)\n	at org.springframework.batch.core.job.AbstractJob.handleStep(AbstractJob.java:418)\n	at org.springframework.batch.core.job.SimpleJob.doExecute(SimpleJob.java:132)\n	at org.springframework.batch.core.job.AbstractJob.execute(AbstractJob.java:317)\n	at org.springframework.batch.core.launch.support.SimpleJobLauncher$1.run(SimpleJobLauncher.java:157)\n	at org.springframework.core.task.SyncTaskExecutor.execute(SyncTaskExecutor.java:50)\n	at org.springframework.batch.core.launch.support.SimpleJobLauncher.run(SimpleJobLauncher.java:148)\n	at org.springframework.batch.core.launch.support.TaskExecutorJobLauncher.run(Task','2024-02-13 22:58:11.980856'),(3,2,2,'2024-02-13 22:58:50.757648','2024-02-13 22:58:50.964121','2024-02-13 22:59:07.183511','FAILED','FAILED','java.lang.ArrayIndexOutOfBoundsException: Index 5 out of bounds for length 1\n	at com.diva.batch.job.albumcover.AlbumCoverConfig.lambda$albumCoverProcessor$2(AlbumCoverConfig.java:113)\n	at java.base/java.util.Optional.ifPresent(Optional.java:178)\n	at com.diva.batch.job.albumcover.AlbumCoverConfig.lambda$albumCoverProcessor$3(AlbumCoverConfig.java:107)\n	at org.springframework.batch.core.step.item.SimpleChunkProcessor.doProcess(SimpleChunkProcessor.java:146)\n	at org.springframework.batch.core.step.item.SimpleChunkProcessor.transform(SimpleChunkProcessor.java:322)\n	at org.springframework.batch.core.step.item.SimpleChunkProcessor.process(SimpleChunkProcessor.java:220)\n	at org.springframework.batch.core.step.item.ChunkOrientedTasklet.execute(ChunkOrientedTasklet.java:75)\n	at org.springframework.batch.core.step.tasklet.TaskletStep$ChunkTransactionCallback.doInTransaction(TaskletStep.java:388)\n	at org.springframework.batch.core.step.tasklet.TaskletStep$ChunkTransactionCallback.doInTransaction(TaskletStep.java:312)\n	at org.springframework.transaction.support.TransactionTemplate.execute(TransactionTemplate.java:140)\n	at org.springframework.batch.core.step.tasklet.TaskletStep$2.doInChunkContext(TaskletStep.java:255)\n	at org.springframework.batch.core.scope.context.StepContextRepeatCallback.doInIteration(StepContextRepeatCallback.java:82)\n	at org.springframework.batch.repeat.support.RepeatTemplate.getNextResult(RepeatTemplate.java:369)\n	at org.springframework.batch.repeat.support.RepeatTemplate.executeInternal(RepeatTemplate.java:206)\n	at org.springframework.batch.repeat.support.RepeatTemplate.iterate(RepeatTemplate.java:140)\n	at org.springframework.batch.core.step.tasklet.TaskletStep.doExecute(TaskletStep.java:240)\n	at org.springframework.batch.core.step.AbstractStep.execute(AbstractStep.java:229)\n	at java.base/jdk.internal.reflect.NativeMethodAccessorImpl.invoke0(Native Method)\n	at java.base/jdk.internal.reflect.NativeMethodAccessorImpl.invoke(NativeMethodAccessorImpl.java:77)\n	at java.base/jdk.internal.reflect.DelegatingMethodAccessorImpl.invoke(DelegatingMethodAccessorImpl.java:43)\n	at java.base/java.lang.reflect.Method.invoke(Method.java:568)\n	at org.springframework.aop.support.AopUtils.invokeJoinpointUsingReflection(AopUtils.java:352)\n	at org.springframework.aop.framework.ReflectiveMethodInvocation.invokeJoinpoint(ReflectiveMethodInvocation.java:196)\n	at org.springframework.aop.framework.ReflectiveMethodInvocation.proceed(ReflectiveMethodInvocation.java:163)\n	at','2024-02-13 22:59:07.198746'),(4,1,2,'2024-02-13 23:04:48.233723','2024-02-13 23:04:48.481383',NULL,'STARTED','UNKNOWN','','2024-02-13 23:04:48.496660'),(5,1,3,'2024-02-13 23:07:13.381296','2024-02-13 23:07:13.544141',NULL,'STARTED','UNKNOWN','','2024-02-13 23:07:13.552910'),(6,1,4,'2024-02-13 23:15:49.236446','2024-02-13 23:15:49.356446',NULL,'STARTED','UNKNOWN','','2024-02-13 23:15:49.366851'),(7,1,5,'2024-02-13 23:16:48.796305','2024-02-13 23:16:49.148058',NULL,'STARTED','UNKNOWN','','2024-02-13 23:16:49.160148'),(8,1,6,'2024-02-13 23:20:34.370589','2024-02-13 23:20:34.528209',NULL,'STARTED','UNKNOWN','','2024-02-13 23:20:34.548015'),(9,1,7,'2024-02-13 23:24:53.716748','2024-02-13 23:24:53.859436',NULL,'STARTED','UNKNOWN','','2024-02-13 23:24:53.877472'),(10,1,8,'2024-02-13 23:26:43.473453','2024-02-13 23:26:43.640801',NULL,'STARTED','UNKNOWN','','2024-02-13 23:26:43.653161'),(11,1,9,'2024-02-13 23:28:53.155341','2024-02-13 23:28:53.305196',NULL,'STARTED','UNKNOWN','','2024-02-13 23:28:53.319121'),(12,1,10,'2024-02-13 23:31:11.870949','2024-02-13 23:31:12.053640',NULL,'STARTED','UNKNOWN','','2024-02-13 23:31:12.071035'),(13,2,11,'2024-02-13 23:42:19.809831','2024-02-13 23:42:20.005307','2024-02-13 23:43:52.728365','FAILED','FAILED','jakarta.validation.ConstraintViolationException: Validation failed for classes [com.diva.batch.entity.Song] during update time for groups [jakarta.validation.groups.Default, ]\nList of constraint violations:[\n	ConstraintViolationImpl{interpolatedMessage=\'must not be blank\', propertyPath=lyric, rootBeanClass=class com.diva.batch.entity.Song, messageTemplate=\'{jakarta.validation.constraints.NotBlank.message}\'}\n]\n	at org.hibernate.boot.beanvalidation.BeanValidationEventListener.validate(BeanValidationEventListener.java:151)\n	at org.hibernate.boot.beanvalidation.BeanValidationEventListener.onPreUpdate(BeanValidationEventListener.java:92)\n	at org.hibernate.action.internal.EntityUpdateAction.preUpdate(EntityUpdateAction.java:351)\n	at org.hibernate.action.internal.EntityUpdateAction.execute(EntityUpdateAction.java:161)\n	at org.hibernate.engine.spi.ActionQueue.executeActions(ActionQueue.java:632)\n	at org.hibernate.engine.spi.ActionQueue.executeActions(ActionQueue.java:499)\n	at org.hibernate.event.internal.AbstractFlushingEventListener.performExecutions(AbstractFlushingEventListener.java:363)\n	at org.hibernate.event.internal.DefaultFlushEventListener.onFlush(DefaultFlushEventListener.java:41)\n	at org.hibernate.event.service.internal.EventListenerGroupImpl.fireEventOnEachListener(EventListenerGroupImpl.java:127)\n	at org.hibernate.internal.SessionImpl.doFlush(SessionImpl.java:1423)\n	at org.hibernate.internal.SessionImpl.flush(SessionImpl.java:1409)\n	at org.springframework.batch.item.database.JpaItemWriter.write(JpaItemWriter.java:106)\n	at org.springframework.batch.core.step.item.SimpleChunkProcessor.writeItems(SimpleChunkProcessor.java:203)\n	at org.springframework.batch.core.step.item.SimpleChunkProcessor.doWrite(SimpleChunkProcessor.java:170)\n	at org.springframework.batch.core.step.item.SimpleChunkProcessor.write(SimpleChunkProcessor.java:297)\n	at org.springframework.batch.core.step.item.SimpleChunkProcessor.process(SimpleChunkProcessor.java:227)\n	at org.springframework.batch.core.step.item.ChunkOrientedTasklet.execute(ChunkOrientedTasklet.java:75)\n	at org.springframework.batch.core.step.tasklet.TaskletStep$ChunkTransactionCallback.doInTransaction(TaskletStep.java:388)\n	at org.springframework.batch.core.step.tasklet.TaskletStep$ChunkTransactionCallback.doInTransaction(TaskletStep.java:312)\n	at org.springframework.transaction.support.TransactionTemplate.execute(TransactionTemplate.java:140)\n	at org.springframework.batch.core.step.tasklet.TaskletStep$2.doInChunkContext','2024-02-13 23:43:52.737591'),(14,2,12,'2024-02-13 23:46:09.577248','2024-02-13 23:46:09.743676','2024-02-13 23:46:34.618237','FAILED','FAILED','jakarta.validation.ConstraintViolationException: Validation failed for classes [com.diva.batch.entity.Song] during update time for groups [jakarta.validation.groups.Default, ]\nList of constraint violations:[\n	ConstraintViolationImpl{interpolatedMessage=\'must not be blank\', propertyPath=lyric, rootBeanClass=class com.diva.batch.entity.Song, messageTemplate=\'{jakarta.validation.constraints.NotBlank.message}\'}\n]\n	at org.hibernate.boot.beanvalidation.BeanValidationEventListener.validate(BeanValidationEventListener.java:151)\n	at org.hibernate.boot.beanvalidation.BeanValidationEventListener.onPreUpdate(BeanValidationEventListener.java:92)\n	at org.hibernate.action.internal.EntityUpdateAction.preUpdate(EntityUpdateAction.java:351)\n	at org.hibernate.action.internal.EntityUpdateAction.execute(EntityUpdateAction.java:161)\n	at org.hibernate.engine.spi.ActionQueue.executeActions(ActionQueue.java:632)\n	at org.hibernate.engine.spi.ActionQueue.executeActions(ActionQueue.java:499)\n	at org.hibernate.event.internal.AbstractFlushingEventListener.performExecutions(AbstractFlushingEventListener.java:363)\n	at org.hibernate.event.internal.DefaultFlushEventListener.onFlush(DefaultFlushEventListener.java:41)\n	at org.hibernate.event.service.internal.EventListenerGroupImpl.fireEventOnEachListener(EventListenerGroupImpl.java:127)\n	at org.hibernate.internal.SessionImpl.doFlush(SessionImpl.java:1423)\n	at org.hibernate.internal.SessionImpl.flush(SessionImpl.java:1409)\n	at org.springframework.batch.item.database.JpaItemWriter.write(JpaItemWriter.java:106)\n	at org.springframework.batch.core.step.item.SimpleChunkProcessor.writeItems(SimpleChunkProcessor.java:203)\n	at org.springframework.batch.core.step.item.SimpleChunkProcessor.doWrite(SimpleChunkProcessor.java:170)\n	at org.springframework.batch.core.step.item.SimpleChunkProcessor.write(SimpleChunkProcessor.java:297)\n	at org.springframework.batch.core.step.item.SimpleChunkProcessor.process(SimpleChunkProcessor.java:227)\n	at org.springframework.batch.core.step.item.ChunkOrientedTasklet.execute(ChunkOrientedTasklet.java:75)\n	at org.springframework.batch.core.step.tasklet.TaskletStep$ChunkTransactionCallback.doInTransaction(TaskletStep.java:388)\n	at org.springframework.batch.core.step.tasklet.TaskletStep$ChunkTransactionCallback.doInTransaction(TaskletStep.java:312)\n	at org.springframework.transaction.support.TransactionTemplate.execute(TransactionTemplate.java:140)\n	at org.springframework.batch.core.step.tasklet.TaskletStep$2.doInChunkContext','2024-02-13 23:46:34.625215'),(15,2,13,'2024-02-13 23:47:06.503830','2024-02-13 23:47:06.681540','2024-02-13 23:47:49.159684','FAILED','FAILED','java.lang.StringIndexOutOfBoundsException: begin 0, end -2, length 0\n	at java.base/java.lang.String.checkBoundsBeginEnd(String.java:4608)\n	at java.base/java.lang.String.substring(String.java:2711)\n	at com.diva.batch.job.albumcover.AlbumCoverConfig.lambda$albumCoverProcessor$1(AlbumCoverConfig.java:124)\n	at org.springframework.batch.core.step.item.SimpleChunkProcessor.doProcess(SimpleChunkProcessor.java:146)\n	at org.springframework.batch.core.step.item.SimpleChunkProcessor.transform(SimpleChunkProcessor.java:322)\n	at org.springframework.batch.core.step.item.SimpleChunkProcessor.process(SimpleChunkProcessor.java:220)\n	at org.springframework.batch.core.step.item.ChunkOrientedTasklet.execute(ChunkOrientedTasklet.java:75)\n	at org.springframework.batch.core.step.tasklet.TaskletStep$ChunkTransactionCallback.doInTransaction(TaskletStep.java:388)\n	at org.springframework.batch.core.step.tasklet.TaskletStep$ChunkTransactionCallback.doInTransaction(TaskletStep.java:312)\n	at org.springframework.transaction.support.TransactionTemplate.execute(TransactionTemplate.java:140)\n	at org.springframework.batch.core.step.tasklet.TaskletStep$2.doInChunkContext(TaskletStep.java:255)\n	at org.springframework.batch.core.scope.context.StepContextRepeatCallback.doInIteration(StepContextRepeatCallback.java:82)\n	at org.springframework.batch.repeat.support.RepeatTemplate.getNextResult(RepeatTemplate.java:369)\n	at org.springframework.batch.repeat.support.RepeatTemplate.executeInternal(RepeatTemplate.java:206)\n	at org.springframework.batch.repeat.support.RepeatTemplate.iterate(RepeatTemplate.java:140)\n	at org.springframework.batch.core.step.tasklet.TaskletStep.doExecute(TaskletStep.java:240)\n	at org.springframework.batch.core.step.AbstractStep.execute(AbstractStep.java:229)\n	at java.base/jdk.internal.reflect.NativeMethodAccessorImpl.invoke0(Native Method)\n	at java.base/jdk.internal.reflect.NativeMethodAccessorImpl.invoke(NativeMethodAccessorImpl.java:77)\n	at java.base/jdk.internal.reflect.DelegatingMethodAccessorImpl.invoke(DelegatingMethodAccessorImpl.java:43)\n	at java.base/java.lang.reflect.Method.invoke(Method.java:568)\n	at org.springframework.aop.support.AopUtils.invokeJoinpointUsingReflection(AopUtils.java:352)\n	at org.springframework.aop.framework.ReflectiveMethodInvocation.invokeJoinpoint(ReflectiveMethodInvocation.java:196)\n	at org.springframework.aop.framework.ReflectiveMethodInvocation.proceed(ReflectiveMethodInvocation.java:163)\n	at org.springframework.aop.support.DelegatingIntrod','2024-02-13 23:47:49.171003'),(16,2,14,'2024-02-13 23:51:09.469902','2024-02-13 23:51:09.643682','2024-02-13 23:55:52.462399','COMPLETED','COMPLETED','','2024-02-13 23:55:52.470338');
/*!40000 ALTER TABLE `BATCH_JOB_EXECUTION` ENABLE KEYS */;
UNLOCK TABLES;

--
-- Table structure for table `BATCH_JOB_EXECUTION_CONTEXT`
--

DROP TABLE IF EXISTS `BATCH_JOB_EXECUTION_CONTEXT`;
/*!40101 SET @saved_cs_client     = @@character_set_client */;
/*!50503 SET character_set_client = utf8mb4 */;
CREATE TABLE `BATCH_JOB_EXECUTION_CONTEXT` (
  `JOB_EXECUTION_ID` bigint NOT NULL,
  `SHORT_CONTEXT` varchar(2500) NOT NULL,
  `SERIALIZED_CONTEXT` text,
  PRIMARY KEY (`JOB_EXECUTION_ID`),
  CONSTRAINT `JOB_EXEC_CTX_FK` FOREIGN KEY (`JOB_EXECUTION_ID`) REFERENCES `BATCH_JOB_EXECUTION` (`JOB_EXECUTION_ID`)
) ENGINE=InnoDB DEFAULT CHARSET=utf8mb4 COLLATE=utf8mb4_0900_ai_ci;
/*!40101 SET character_set_client = @saved_cs_client */;

--
-- Dumping data for table `BATCH_JOB_EXECUTION_CONTEXT`
--

LOCK TABLES `BATCH_JOB_EXECUTION_CONTEXT` WRITE;
/*!40000 ALTER TABLE `BATCH_JOB_EXECUTION_CONTEXT` DISABLE KEYS */;
INSERT INTO `BATCH_JOB_EXECUTION_CONTEXT` VALUES (1,'rO0ABXNyABFqYXZhLnV0aWwuSGFzaE1hcAUH2sHDFmDRAwACRgAKbG9hZEZhY3RvckkACXRocmVzaG9sZHhwP0AAAAAAAAB3CAAAABAAAAAAeA==',NULL),(2,'rO0ABXNyABFqYXZhLnV0aWwuSGFzaE1hcAUH2sHDFmDRAwACRgAKbG9hZEZhY3RvckkACXRocmVzaG9sZHhwP0AAAAAAAAB3CAAAABAAAAAAeA==',NULL),(3,'rO0ABXNyABFqYXZhLnV0aWwuSGFzaE1hcAUH2sHDFmDRAwACRgAKbG9hZEZhY3RvckkACXRocmVzaG9sZHhwP0AAAAAAAAx3CAAAABAAAAABdAANYmF0Y2gudmVyc2lvbnQABTUuMS4weA==',NULL),(4,'rO0ABXNyABFqYXZhLnV0aWwuSGFzaE1hcAUH2sHDFmDRAwACRgAKbG9hZEZhY3RvckkACXRocmVzaG9sZHhwP0AAAAAAAAx3CAAAABAAAAABdAANYmF0Y2gudmVyc2lvbnQABTUuMS4weA==',NULL),(5,'rO0ABXNyABFqYXZhLnV0aWwuSGFzaE1hcAUH2sHDFmDRAwACRgAKbG9hZEZhY3RvckkACXRocmVzaG9sZHhwP0AAAAAAAAB3CAAAABAAAAAAeA==',NULL),(6,'rO0ABXNyABFqYXZhLnV0aWwuSGFzaE1hcAUH2sHDFmDRAwACRgAKbG9hZEZhY3RvckkACXRocmVzaG9sZHhwP0AAAAAAAAB3CAAAABAAAAAAeA==',NULL),(7,'rO0ABXNyABFqYXZhLnV0aWwuSGFzaE1hcAUH2sHDFmDRAwACRgAKbG9hZEZhY3RvckkACXRocmVzaG9sZHhwP0AAAAAAAAB3CAAAABAAAAAAeA==',NULL),(8,'rO0ABXNyABFqYXZhLnV0aWwuSGFzaE1hcAUH2sHDFmDRAwACRgAKbG9hZEZhY3RvckkACXRocmVzaG9sZHhwP0AAAAAAAAB3CAAAABAAAAAAeA==',NULL),(9,'rO0ABXNyABFqYXZhLnV0aWwuSGFzaE1hcAUH2sHDFmDRAwACRgAKbG9hZEZhY3RvckkACXRocmVzaG9sZHhwP0AAAAAAAAB3CAAAABAAAAAAeA==',NULL),(10,'rO0ABXNyABFqYXZhLnV0aWwuSGFzaE1hcAUH2sHDFmDRAwACRgAKbG9hZEZhY3RvckkACXRocmVzaG9sZHhwP0AAAAAAAAB3CAAAABAAAAAAeA==',NULL),(11,'rO0ABXNyABFqYXZhLnV0aWwuSGFzaE1hcAUH2sHDFmDRAwACRgAKbG9hZEZhY3RvckkACXRocmVzaG9sZHhwP0AAAAAAAAB3CAAAABAAAAAAeA==',NULL),(12,'rO0ABXNyABFqYXZhLnV0aWwuSGFzaE1hcAUH2sHDFmDRAwACRgAKbG9hZEZhY3RvckkACXRocmVzaG9sZHhwP0AAAAAAAAB3CAAAABAAAAAAeA==',NULL),(13,'rO0ABXNyABFqYXZhLnV0aWwuSGFzaE1hcAUH2sHDFmDRAwACRgAKbG9hZEZhY3RvckkACXRocmVzaG9sZHhwP0AAAAAAAAx3CAAAABAAAAABdAANYmF0Y2gudmVyc2lvbnQABTUuMS4weA==',NULL),(14,'rO0ABXNyABFqYXZhLnV0aWwuSGFzaE1hcAUH2sHDFmDRAwACRgAKbG9hZEZhY3RvckkACXRocmVzaG9sZHhwP0AAAAAAAAx3CAAAABAAAAABdAANYmF0Y2gudmVyc2lvbnQABTUuMS4weA==',NULL),(15,'rO0ABXNyABFqYXZhLnV0aWwuSGFzaE1hcAUH2sHDFmDRAwACRgAKbG9hZEZhY3RvckkACXRocmVzaG9sZHhwP0AAAAAAAAx3CAAAABAAAAABdAANYmF0Y2gudmVyc2lvbnQABTUuMS4weA==',NULL),(16,'rO0ABXNyABFqYXZhLnV0aWwuSGFzaE1hcAUH2sHDFmDRAwACRgAKbG9hZEZhY3RvckkACXRocmVzaG9sZHhwP0AAAAAAAAx3CAAAABAAAAABdAANYmF0Y2gudmVyc2lvbnQABTUuMS4weA==',NULL);
/*!40000 ALTER TABLE `BATCH_JOB_EXECUTION_CONTEXT` ENABLE KEYS */;
UNLOCK TABLES;

--
-- Table structure for table `BATCH_JOB_EXECUTION_PARAMS`
--

DROP TABLE IF EXISTS `BATCH_JOB_EXECUTION_PARAMS`;
/*!40101 SET @saved_cs_client     = @@character_set_client */;
/*!50503 SET character_set_client = utf8mb4 */;
CREATE TABLE `BATCH_JOB_EXECUTION_PARAMS` (
  `JOB_EXECUTION_ID` bigint NOT NULL,
  `PARAMETER_NAME` varchar(100) NOT NULL,
  `PARAMETER_TYPE` varchar(100) NOT NULL,
  `PARAMETER_VALUE` varchar(2500) DEFAULT NULL,
  `IDENTIFYING` char(1) NOT NULL,
  KEY `JOB_EXEC_PARAMS_FK` (`JOB_EXECUTION_ID`),
  CONSTRAINT `JOB_EXEC_PARAMS_FK` FOREIGN KEY (`JOB_EXECUTION_ID`) REFERENCES `BATCH_JOB_EXECUTION` (`JOB_EXECUTION_ID`)
) ENGINE=InnoDB DEFAULT CHARSET=utf8mb4 COLLATE=utf8mb4_0900_ai_ci;
/*!40101 SET character_set_client = @saved_cs_client */;

--
-- Dumping data for table `BATCH_JOB_EXECUTION_PARAMS`
--

LOCK TABLES `BATCH_JOB_EXECUTION_PARAMS` WRITE;
/*!40000 ALTER TABLE `BATCH_JOB_EXECUTION_PARAMS` DISABLE KEYS */;
INSERT INTO `BATCH_JOB_EXECUTION_PARAMS` VALUES (2,'-date','java.lang.String','240213','Y'),(3,'-date','java.lang.String','240213','Y'),(4,'-date','java.lang.String','240213','Y'),(5,'-date','java.lang.String','240214','Y'),(6,'-date','java.lang.String','1','Y'),(7,'-date','java.lang.String','2','Y'),(8,'-date','java.lang.String','3','Y'),(9,'-date','java.lang.String','4','Y'),(10,'-date','java.lang.String','5','Y'),(11,'-date','java.lang.String','6','Y'),(12,'-date','java.lang.String','7','Y'),(13,'-date','java.lang.String','8','Y'),(14,'-date','java.lang.String','10','Y'),(15,'-date','java.lang.String','11','Y'),(16,'-date','java.lang.String','12','Y');
/*!40000 ALTER TABLE `BATCH_JOB_EXECUTION_PARAMS` ENABLE KEYS */;
UNLOCK TABLES;

--
-- Table structure for table `BATCH_JOB_EXECUTION_SEQ`
--

DROP TABLE IF EXISTS `BATCH_JOB_EXECUTION_SEQ`;
/*!40101 SET @saved_cs_client     = @@character_set_client */;
/*!50503 SET character_set_client = utf8mb4 */;
CREATE TABLE `BATCH_JOB_EXECUTION_SEQ` (
  `ID` bigint NOT NULL,
  `UNIQUE_KEY` char(1) NOT NULL,
  UNIQUE KEY `UNIQUE_KEY_UN` (`UNIQUE_KEY`)
) ENGINE=InnoDB DEFAULT CHARSET=utf8mb4 COLLATE=utf8mb4_0900_ai_ci;
/*!40101 SET character_set_client = @saved_cs_client */;

--
-- Dumping data for table `BATCH_JOB_EXECUTION_SEQ`
--

LOCK TABLES `BATCH_JOB_EXECUTION_SEQ` WRITE;
/*!40000 ALTER TABLE `BATCH_JOB_EXECUTION_SEQ` DISABLE KEYS */;
INSERT INTO `BATCH_JOB_EXECUTION_SEQ` VALUES (16,'0');
/*!40000 ALTER TABLE `BATCH_JOB_EXECUTION_SEQ` ENABLE KEYS */;
UNLOCK TABLES;

--
-- Table structure for table `BATCH_JOB_INSTANCE`
--

DROP TABLE IF EXISTS `BATCH_JOB_INSTANCE`;
/*!40101 SET @saved_cs_client     = @@character_set_client */;
/*!50503 SET character_set_client = utf8mb4 */;
CREATE TABLE `BATCH_JOB_INSTANCE` (
  `JOB_INSTANCE_ID` bigint NOT NULL,
  `VERSION` bigint DEFAULT NULL,
  `JOB_NAME` varchar(100) NOT NULL,
  `JOB_KEY` varchar(32) NOT NULL,
  PRIMARY KEY (`JOB_INSTANCE_ID`),
  UNIQUE KEY `JOB_INST_UN` (`JOB_NAME`,`JOB_KEY`)
) ENGINE=InnoDB DEFAULT CHARSET=utf8mb4 COLLATE=utf8mb4_0900_ai_ci;
/*!40101 SET character_set_client = @saved_cs_client */;

--
-- Dumping data for table `BATCH_JOB_INSTANCE`
--

LOCK TABLES `BATCH_JOB_INSTANCE` WRITE;
/*!40000 ALTER TABLE `BATCH_JOB_INSTANCE` DISABLE KEYS */;
INSERT INTO `BATCH_JOB_INSTANCE` VALUES (1,0,'albumCoverJob','d41d8cd98f00b204e9800998ecf8427e'),(2,0,'albumCoverJob','2acfc3f2ee10878176347fb959c22178'),(3,0,'albumCoverJob','cb67037ba4b7a38de72d975b00353111'),(4,0,'albumCoverJob','5c7cc978c0264d79db58776094a67f40'),(5,0,'albumCoverJob','5bd0b704753814326861c52c9faff078'),(6,0,'albumCoverJob','cf153c3c4f41c8d23d66577b97c8a0a3'),(7,0,'albumCoverJob','d7d8fd107154d4e9ddbbc774aa3ff419'),(8,0,'albumCoverJob','ddc60e0bf7af43585921f7ec1dd701c7'),(9,0,'albumCoverJob','6a26b81d6fa79c607e8f75e5d790b6da'),(10,0,'albumCoverJob','c1e70474c55d055dd254468cad67e677'),(11,0,'albumCoverJob','00661ca9b3ce83173d983bab92c79ee9'),(12,0,'albumCoverJob','686a59e43bf40d8a5b04f2e5e837de38'),(13,0,'albumCoverJob','2c0188353d82f8c4b8c578b51a5a430b'),(14,0,'albumCoverJob','f2b2a1b7ce7188fb69c6e5e079eb58d2');
/*!40000 ALTER TABLE `BATCH_JOB_INSTANCE` ENABLE KEYS */;
UNLOCK TABLES;

--
-- Table structure for table `BATCH_JOB_SEQ`
--

DROP TABLE IF EXISTS `BATCH_JOB_SEQ`;
/*!40101 SET @saved_cs_client     = @@character_set_client */;
/*!50503 SET character_set_client = utf8mb4 */;
CREATE TABLE `BATCH_JOB_SEQ` (
  `ID` bigint NOT NULL,
  `UNIQUE_KEY` char(1) NOT NULL,
  UNIQUE KEY `UNIQUE_KEY_UN` (`UNIQUE_KEY`)
) ENGINE=InnoDB DEFAULT CHARSET=utf8mb4 COLLATE=utf8mb4_0900_ai_ci;
/*!40101 SET character_set_client = @saved_cs_client */;

--
-- Dumping data for table `BATCH_JOB_SEQ`
--

LOCK TABLES `BATCH_JOB_SEQ` WRITE;
/*!40000 ALTER TABLE `BATCH_JOB_SEQ` DISABLE KEYS */;
INSERT INTO `BATCH_JOB_SEQ` VALUES (14,'0');
/*!40000 ALTER TABLE `BATCH_JOB_SEQ` ENABLE KEYS */;
UNLOCK TABLES;

--
-- Table structure for table `BATCH_STEP_EXECUTION`
--

DROP TABLE IF EXISTS `BATCH_STEP_EXECUTION`;
/*!40101 SET @saved_cs_client     = @@character_set_client */;
/*!50503 SET character_set_client = utf8mb4 */;
CREATE TABLE `BATCH_STEP_EXECUTION` (
  `STEP_EXECUTION_ID` bigint NOT NULL,
  `VERSION` bigint NOT NULL,
  `STEP_NAME` varchar(100) NOT NULL,
  `JOB_EXECUTION_ID` bigint NOT NULL,
  `CREATE_TIME` datetime(6) NOT NULL,
  `START_TIME` datetime(6) DEFAULT NULL,
  `END_TIME` datetime(6) DEFAULT NULL,
  `STATUS` varchar(10) DEFAULT NULL,
  `COMMIT_COUNT` bigint DEFAULT NULL,
  `READ_COUNT` bigint DEFAULT NULL,
  `FILTER_COUNT` bigint DEFAULT NULL,
  `WRITE_COUNT` bigint DEFAULT NULL,
  `READ_SKIP_COUNT` bigint DEFAULT NULL,
  `WRITE_SKIP_COUNT` bigint DEFAULT NULL,
  `PROCESS_SKIP_COUNT` bigint DEFAULT NULL,
  `ROLLBACK_COUNT` bigint DEFAULT NULL,
  `EXIT_CODE` varchar(2500) DEFAULT NULL,
  `EXIT_MESSAGE` varchar(2500) DEFAULT NULL,
  `LAST_UPDATED` datetime(6) DEFAULT NULL,
  PRIMARY KEY (`STEP_EXECUTION_ID`),
  KEY `JOB_EXEC_STEP_FK` (`JOB_EXECUTION_ID`),
  CONSTRAINT `JOB_EXEC_STEP_FK` FOREIGN KEY (`JOB_EXECUTION_ID`) REFERENCES `BATCH_JOB_EXECUTION` (`JOB_EXECUTION_ID`)
) ENGINE=InnoDB DEFAULT CHARSET=utf8mb4 COLLATE=utf8mb4_0900_ai_ci;
/*!40101 SET character_set_client = @saved_cs_client */;

--
-- Dumping data for table `BATCH_STEP_EXECUTION`
--

LOCK TABLES `BATCH_STEP_EXECUTION` WRITE;
/*!40000 ALTER TABLE `BATCH_STEP_EXECUTION` DISABLE KEYS */;
INSERT INTO `BATCH_STEP_EXECUTION` VALUES (1,2,'albumCoverStep1',3,'2024-02-13 22:58:51.287074','2024-02-13 22:58:51.460907','2024-02-13 22:59:07.074745','FAILED',0,10,0,0,0,0,0,1,'FAILED','java.lang.ArrayIndexOutOfBoundsException: Index 5 out of bounds for length 1\n	at com.diva.batch.job.albumcover.AlbumCoverConfig.lambda$albumCoverProcessor$2(AlbumCoverConfig.java:113)\n	at java.base/java.util.Optional.ifPresent(Optional.java:178)\n	at com.diva.batch.job.albumcover.AlbumCoverConfig.lambda$albumCoverProcessor$3(AlbumCoverConfig.java:107)\n	at org.springframework.batch.core.step.item.SimpleChunkProcessor.doProcess(SimpleChunkProcessor.java:146)\n	at org.springframework.batch.core.step.item.SimpleChunkProcessor.transform(SimpleChunkProcessor.java:322)\n	at org.springframework.batch.core.step.item.SimpleChunkProcessor.process(SimpleChunkProcessor.java:220)\n	at org.springframework.batch.core.step.item.ChunkOrientedTasklet.execute(ChunkOrientedTasklet.java:75)\n	at org.springframework.batch.core.step.tasklet.TaskletStep$ChunkTransactionCallback.doInTransaction(TaskletStep.java:388)\n	at org.springframework.batch.core.step.tasklet.TaskletStep$ChunkTransactionCallback.doInTransaction(TaskletStep.java:312)\n	at org.springframework.transaction.support.TransactionTemplate.execute(TransactionTemplate.java:140)\n	at org.springframework.batch.core.step.tasklet.TaskletStep$2.doInChunkContext(TaskletStep.java:255)\n	at org.springframework.batch.core.scope.context.StepContextRepeatCallback.doInIteration(StepContextRepeatCallback.java:82)\n	at org.springframework.batch.repeat.support.RepeatTemplate.getNextResult(RepeatTemplate.java:369)\n	at org.springframework.batch.repeat.support.RepeatTemplate.executeInternal(RepeatTemplate.java:206)\n	at org.springframework.batch.repeat.support.RepeatTemplate.iterate(RepeatTemplate.java:140)\n	at org.springframework.batch.core.step.tasklet.TaskletStep.doExecute(TaskletStep.java:240)\n	at org.springframework.batch.core.step.AbstractStep.execute(AbstractStep.java:229)\n	at java.base/jdk.internal.reflect.NativeMethodAccessorImpl.invoke0(Native Method)\n	at java.base/jdk.internal.reflect.NativeMethodAccessorImpl.invoke(NativeMethodAccessorImpl.java:77)\n	at java.base/jdk.internal.reflect.DelegatingMethodAccessorImpl.invoke(DelegatingMethodAccessorImpl.java:43)\n	at java.base/java.lang.reflect.Method.invoke(Method.java:568)\n	at org.springframework.aop.support.AopUtils.invokeJoinpointUsingReflection(AopUtils.java:352)\n	at org.springframework.aop.framework.ReflectiveMethodInvocation.invokeJoinpoint(ReflectiveMethodInvocation.java:196)\n	at org.springframework.aop.framework.ReflectiveMethodInvocation.proceed(ReflectiveMethodInvocation.java:163)\n	at','2024-02-13 22:59:07.085817'),(2,1,'albumCoverStep1',4,'2024-02-13 23:04:48.888162','2024-02-13 23:04:49.057355',NULL,'STARTED',0,0,0,0,0,0,0,0,'EXECUTING','','2024-02-13 23:04:49.071986'),(3,3,'albumCoverStep1',5,'2024-02-13 23:07:13.743238','2024-02-13 23:07:13.876805',NULL,'STARTED',2,20,0,20,0,0,0,0,'EXECUTING','','2024-02-13 23:07:28.972191'),(4,2,'albumCoverStep1',6,'2024-02-13 23:15:49.506899','2024-02-13 23:15:49.625515',NULL,'STARTED',1,10,0,10,0,0,0,0,'EXECUTING','','2024-02-13 23:15:53.811924'),(5,1,'albumCoverStep1',7,'2024-02-13 23:16:49.339524','2024-02-13 23:16:49.539589',NULL,'STARTED',0,0,0,0,0,0,0,0,'EXECUTING','','2024-02-13 23:16:49.548268'),(6,1,'albumCoverStep1',8,'2024-02-13 23:20:34.712672','2024-02-13 23:20:34.829441',NULL,'STARTED',0,0,0,0,0,0,0,0,'EXECUTING','','2024-02-13 23:20:34.837445'),(7,1,'albumCoverStep1',9,'2024-02-13 23:24:54.070377','2024-02-13 23:24:54.211163',NULL,'STARTED',0,0,0,0,0,0,0,0,'EXECUTING','','2024-02-13 23:24:54.222020'),(8,1,'albumCoverStep1',10,'2024-02-13 23:26:43.871606','2024-02-13 23:26:44.019452',NULL,'STARTED',0,0,0,0,0,0,0,0,'EXECUTING','','2024-02-13 23:26:44.029985'),(9,1,'albumCoverStep1',11,'2024-02-13 23:28:53.485045','2024-02-13 23:28:53.614305',NULL,'STARTED',0,0,0,0,0,0,0,0,'EXECUTING','','2024-02-13 23:28:53.623402'),(10,1,'albumCoverStep1',12,'2024-02-13 23:31:12.211011','2024-02-13 23:31:12.323359',NULL,'STARTED',0,0,0,0,0,0,0,0,'EXECUTING','','2024-02-13 23:31:12.331800'),(11,2,'albumCoverStep1',13,'2024-02-13 23:42:20.202583','2024-02-13 23:42:20.305559','2024-02-13 23:43:52.604517','FAILED',0,10,0,0,0,0,0,1,'FAILED','jakarta.validation.ConstraintViolationException: Validation failed for classes [com.diva.batch.entity.Song] during update time for groups [jakarta.validation.groups.Default, ]\nList of constraint violations:[\n	ConstraintViolationImpl{interpolatedMessage=\'must not be blank\', propertyPath=lyric, rootBeanClass=class com.diva.batch.entity.Song, messageTemplate=\'{jakarta.validation.constraints.NotBlank.message}\'}\n]\n	at org.hibernate.boot.beanvalidation.BeanValidationEventListener.validate(BeanValidationEventListener.java:151)\n	at org.hibernate.boot.beanvalidation.BeanValidationEventListener.onPreUpdate(BeanValidationEventListener.java:92)\n	at org.hibernate.action.internal.EntityUpdateAction.preUpdate(EntityUpdateAction.java:351)\n	at org.hibernate.action.internal.EntityUpdateAction.execute(EntityUpdateAction.java:161)\n	at org.hibernate.engine.spi.ActionQueue.executeActions(ActionQueue.java:632)\n	at org.hibernate.engine.spi.ActionQueue.executeActions(ActionQueue.java:499)\n	at org.hibernate.event.internal.AbstractFlushingEventListener.performExecutions(AbstractFlushingEventListener.java:363)\n	at org.hibernate.event.internal.DefaultFlushEventListener.onFlush(DefaultFlushEventListener.java:41)\n	at org.hibernate.event.service.internal.EventListenerGroupImpl.fireEventOnEachListener(EventListenerGroupImpl.java:127)\n	at org.hibernate.internal.SessionImpl.doFlush(SessionImpl.java:1423)\n	at org.hibernate.internal.SessionImpl.flush(SessionImpl.java:1409)\n	at org.springframework.batch.item.database.JpaItemWriter.write(JpaItemWriter.java:106)\n	at org.springframework.batch.core.step.item.SimpleChunkProcessor.writeItems(SimpleChunkProcessor.java:203)\n	at org.springframework.batch.core.step.item.SimpleChunkProcessor.doWrite(SimpleChunkProcessor.java:170)\n	at org.springframework.batch.core.step.item.SimpleChunkProcessor.write(SimpleChunkProcessor.java:297)\n	at org.springframework.batch.core.step.item.SimpleChunkProcessor.process(SimpleChunkProcessor.java:227)\n	at org.springframework.batch.core.step.item.ChunkOrientedTasklet.execute(ChunkOrientedTasklet.java:75)\n	at org.springframework.batch.core.step.tasklet.TaskletStep$ChunkTransactionCallback.doInTransaction(TaskletStep.java:388)\n	at org.springframework.batch.core.step.tasklet.TaskletStep$ChunkTransactionCallback.doInTransaction(TaskletStep.java:312)\n	at org.springframework.transaction.support.TransactionTemplate.execute(TransactionTemplate.java:140)\n	at org.springframework.batch.core.step.tasklet.TaskletStep$2.doInChunkContext','2024-02-13 23:43:52.620522'),(12,2,'albumCoverStep1',14,'2024-02-13 23:46:09.934999','2024-02-13 23:46:10.055135','2024-02-13 23:46:34.505034','FAILED',0,10,0,0,0,0,0,1,'FAILED','jakarta.validation.ConstraintViolationException: Validation failed for classes [com.diva.batch.entity.Song] during update time for groups [jakarta.validation.groups.Default, ]\nList of constraint violations:[\n	ConstraintViolationImpl{interpolatedMessage=\'must not be blank\', propertyPath=lyric, rootBeanClass=class com.diva.batch.entity.Song, messageTemplate=\'{jakarta.validation.constraints.NotBlank.message}\'}\n]\n	at org.hibernate.boot.beanvalidation.BeanValidationEventListener.validate(BeanValidationEventListener.java:151)\n	at org.hibernate.boot.beanvalidation.BeanValidationEventListener.onPreUpdate(BeanValidationEventListener.java:92)\n	at org.hibernate.action.internal.EntityUpdateAction.preUpdate(EntityUpdateAction.java:351)\n	at org.hibernate.action.internal.EntityUpdateAction.execute(EntityUpdateAction.java:161)\n	at org.hibernate.engine.spi.ActionQueue.executeActions(ActionQueue.java:632)\n	at org.hibernate.engine.spi.ActionQueue.executeActions(ActionQueue.java:499)\n	at org.hibernate.event.internal.AbstractFlushingEventListener.performExecutions(AbstractFlushingEventListener.java:363)\n	at org.hibernate.event.internal.DefaultFlushEventListener.onFlush(DefaultFlushEventListener.java:41)\n	at org.hibernate.event.service.internal.EventListenerGroupImpl.fireEventOnEachListener(EventListenerGroupImpl.java:127)\n	at org.hibernate.internal.SessionImpl.doFlush(SessionImpl.java:1423)\n	at org.hibernate.internal.SessionImpl.flush(SessionImpl.java:1409)\n	at org.springframework.batch.item.database.JpaItemWriter.write(JpaItemWriter.java:106)\n	at org.springframework.batch.core.step.item.SimpleChunkProcessor.writeItems(SimpleChunkProcessor.java:203)\n	at org.springframework.batch.core.step.item.SimpleChunkProcessor.doWrite(SimpleChunkProcessor.java:170)\n	at org.springframework.batch.core.step.item.SimpleChunkProcessor.write(SimpleChunkProcessor.java:297)\n	at org.springframework.batch.core.step.item.SimpleChunkProcessor.process(SimpleChunkProcessor.java:227)\n	at org.springframework.batch.core.step.item.ChunkOrientedTasklet.execute(ChunkOrientedTasklet.java:75)\n	at org.springframework.batch.core.step.tasklet.TaskletStep$ChunkTransactionCallback.doInTransaction(TaskletStep.java:388)\n	at org.springframework.batch.core.step.tasklet.TaskletStep$ChunkTransactionCallback.doInTransaction(TaskletStep.java:312)\n	at org.springframework.transaction.support.TransactionTemplate.execute(TransactionTemplate.java:140)\n	at org.springframework.batch.core.step.tasklet.TaskletStep$2.doInChunkContext','2024-02-13 23:46:34.516228'),(13,4,'albumCoverStep1',15,'2024-02-13 23:47:06.873729','2024-02-13 23:47:06.980446','2024-02-13 23:47:49.050679','FAILED',2,30,0,20,0,0,0,1,'FAILED','java.lang.StringIndexOutOfBoundsException: begin 0, end -2, length 0\n	at java.base/java.lang.String.checkBoundsBeginEnd(String.java:4608)\n	at java.base/java.lang.String.substring(String.java:2711)\n	at com.diva.batch.job.albumcover.AlbumCoverConfig.lambda$albumCoverProcessor$1(AlbumCoverConfig.java:124)\n	at org.springframework.batch.core.step.item.SimpleChunkProcessor.doProcess(SimpleChunkProcessor.java:146)\n	at org.springframework.batch.core.step.item.SimpleChunkProcessor.transform(SimpleChunkProcessor.java:322)\n	at org.springframework.batch.core.step.item.SimpleChunkProcessor.process(SimpleChunkProcessor.java:220)\n	at org.springframework.batch.core.step.item.ChunkOrientedTasklet.execute(ChunkOrientedTasklet.java:75)\n	at org.springframework.batch.core.step.tasklet.TaskletStep$ChunkTransactionCallback.doInTransaction(TaskletStep.java:388)\n	at org.springframework.batch.core.step.tasklet.TaskletStep$ChunkTransactionCallback.doInTransaction(TaskletStep.java:312)\n	at org.springframework.transaction.support.TransactionTemplate.execute(TransactionTemplate.java:140)\n	at org.springframework.batch.core.step.tasklet.TaskletStep$2.doInChunkContext(TaskletStep.java:255)\n	at org.springframework.batch.core.scope.context.StepContextRepeatCallback.doInIteration(StepContextRepeatCallback.java:82)\n	at org.springframework.batch.repeat.support.RepeatTemplate.getNextResult(RepeatTemplate.java:369)\n	at org.springframework.batch.repeat.support.RepeatTemplate.executeInternal(RepeatTemplate.java:206)\n	at org.springframework.batch.repeat.support.RepeatTemplate.iterate(RepeatTemplate.java:140)\n	at org.springframework.batch.core.step.tasklet.TaskletStep.doExecute(TaskletStep.java:240)\n	at org.springframework.batch.core.step.AbstractStep.execute(AbstractStep.java:229)\n	at java.base/jdk.internal.reflect.NativeMethodAccessorImpl.invoke0(Native Method)\n	at java.base/jdk.internal.reflect.NativeMethodAccessorImpl.invoke(NativeMethodAccessorImpl.java:77)\n	at java.base/jdk.internal.reflect.DelegatingMethodAccessorImpl.invoke(DelegatingMethodAccessorImpl.java:43)\n	at java.base/java.lang.reflect.Method.invoke(Method.java:568)\n	at org.springframework.aop.support.AopUtils.invokeJoinpointUsingReflection(AopUtils.java:352)\n	at org.springframework.aop.framework.ReflectiveMethodInvocation.invokeJoinpoint(ReflectiveMethodInvocation.java:196)\n	at org.springframework.aop.framework.ReflectiveMethodInvocation.proceed(ReflectiveMethodInvocation.java:163)\n	at org.springframework.aop.support.DelegatingIntrod','2024-02-13 23:47:49.060137'),(14,23,'albumCoverStep1',16,'2024-02-13 23:51:09.818368','2024-02-13 23:51:09.960423','2024-02-13 23:55:52.374015','COMPLETED',21,200,0,200,0,0,0,0,'COMPLETED','','2024-02-13 23:55:52.382606');
/*!40000 ALTER TABLE `BATCH_STEP_EXECUTION` ENABLE KEYS */;
UNLOCK TABLES;

--
-- Table structure for table `BATCH_STEP_EXECUTION_CONTEXT`
--

DROP TABLE IF EXISTS `BATCH_STEP_EXECUTION_CONTEXT`;
/*!40101 SET @saved_cs_client     = @@character_set_client */;
/*!50503 SET character_set_client = utf8mb4 */;
CREATE TABLE `BATCH_STEP_EXECUTION_CONTEXT` (
  `STEP_EXECUTION_ID` bigint NOT NULL,
  `SHORT_CONTEXT` varchar(2500) NOT NULL,
  `SERIALIZED_CONTEXT` text,
  PRIMARY KEY (`STEP_EXECUTION_ID`),
  CONSTRAINT `STEP_EXEC_CTX_FK` FOREIGN KEY (`STEP_EXECUTION_ID`) REFERENCES `BATCH_STEP_EXECUTION` (`STEP_EXECUTION_ID`)
) ENGINE=InnoDB DEFAULT CHARSET=utf8mb4 COLLATE=utf8mb4_0900_ai_ci;
/*!40101 SET character_set_client = @saved_cs_client */;

--
-- Dumping data for table `BATCH_STEP_EXECUTION_CONTEXT`
--

LOCK TABLES `BATCH_STEP_EXECUTION_CONTEXT` WRITE;
/*!40000 ALTER TABLE `BATCH_STEP_EXECUTION_CONTEXT` DISABLE KEYS */;
INSERT INTO `BATCH_STEP_EXECUTION_CONTEXT` VALUES (1,'rO0ABXNyABFqYXZhLnV0aWwuSGFzaE1hcAUH2sHDFmDRAwACRgAKbG9hZEZhY3RvckkACXRocmVzaG9sZHhwP0AAAAAAAAx3CAAAABAAAAAEdAARYmF0Y2gudGFza2xldFR5cGV0AD1vcmcuc3ByaW5nZnJhbWV3b3JrLmJhdGNoLmNvcmUuc3RlcC5pdGVtLkNodW5rT3JpZW50ZWRUYXNrbGV0dAArUXVlcnlkc2xOb09mZnNldFBhZ2luZ0l0ZW1SZWFkZXIucmVhZC5jb3VudHNyABFqYXZhLmxhbmcuSW50ZWdlchLioKT3gYc4AgABSQAFdmFsdWV4cgAQamF2YS5sYW5nLk51bWJlcoaslR0LlOCLAgAAeHAAAAAAdAANYmF0Y2gudmVyc2lvbnQABTUuMS4wdAAOYmF0Y2guc3RlcFR5cGV0ADdvcmcuc3ByaW5nZnJhbWV3b3JrLmJhdGNoLmNvcmUuc3RlcC50YXNrbGV0LlRhc2tsZXRTdGVweA==',NULL),(2,'rO0ABXNyABFqYXZhLnV0aWwuSGFzaE1hcAUH2sHDFmDRAwACRgAKbG9hZEZhY3RvckkACXRocmVzaG9sZHhwP0AAAAAAAAx3CAAAABAAAAAEdAARYmF0Y2gudGFza2xldFR5cGV0AD1vcmcuc3ByaW5nZnJhbWV3b3JrLmJhdGNoLmNvcmUuc3RlcC5pdGVtLkNodW5rT3JpZW50ZWRUYXNrbGV0dAArUXVlcnlkc2xOb09mZnNldFBhZ2luZ0l0ZW1SZWFkZXIucmVhZC5jb3VudHNyABFqYXZhLmxhbmcuSW50ZWdlchLioKT3gYc4AgABSQAFdmFsdWV4cgAQamF2YS5sYW5nLk51bWJlcoaslR0LlOCLAgAAeHAAAAAAdAANYmF0Y2gudmVyc2lvbnQABTUuMS4wdAAOYmF0Y2guc3RlcFR5cGV0ADdvcmcuc3ByaW5nZnJhbWV3b3JrLmJhdGNoLmNvcmUuc3RlcC50YXNrbGV0LlRhc2tsZXRTdGVweA==',NULL),(3,'rO0ABXNyABFqYXZhLnV0aWwuSGFzaE1hcAUH2sHDFmDRAwACRgAKbG9hZEZhY3RvckkACXRocmVzaG9sZHhwP0AAAAAAAAx3CAAAABAAAAAEdAARYmF0Y2gudGFza2xldFR5cGV0AD1vcmcuc3ByaW5nZnJhbWV3b3JrLmJhdGNoLmNvcmUuc3RlcC5pdGVtLkNodW5rT3JpZW50ZWRUYXNrbGV0dAArUXVlcnlkc2xOb09mZnNldFBhZ2luZ0l0ZW1SZWFkZXIucmVhZC5jb3VudHNyABFqYXZhLmxhbmcuSW50ZWdlchLioKT3gYc4AgABSQAFdmFsdWV4cgAQamF2YS5sYW5nLk51bWJlcoaslR0LlOCLAgAAeHAAAAAUdAANYmF0Y2gudmVyc2lvbnQABTUuMS4wdAAOYmF0Y2guc3RlcFR5cGV0ADdvcmcuc3ByaW5nZnJhbWV3b3JrLmJhdGNoLmNvcmUuc3RlcC50YXNrbGV0LlRhc2tsZXRTdGVweA==',NULL),(4,'rO0ABXNyABFqYXZhLnV0aWwuSGFzaE1hcAUH2sHDFmDRAwACRgAKbG9hZEZhY3RvckkACXRocmVzaG9sZHhwP0AAAAAAAAx3CAAAABAAAAAEdAARYmF0Y2gudGFza2xldFR5cGV0AD1vcmcuc3ByaW5nZnJhbWV3b3JrLmJhdGNoLmNvcmUuc3RlcC5pdGVtLkNodW5rT3JpZW50ZWRUYXNrbGV0dAArUXVlcnlkc2xOb09mZnNldFBhZ2luZ0l0ZW1SZWFkZXIucmVhZC5jb3VudHNyABFqYXZhLmxhbmcuSW50ZWdlchLioKT3gYc4AgABSQAFdmFsdWV4cgAQamF2YS5sYW5nLk51bWJlcoaslR0LlOCLAgAAeHAAAAAKdAANYmF0Y2gudmVyc2lvbnQABTUuMS4wdAAOYmF0Y2guc3RlcFR5cGV0ADdvcmcuc3ByaW5nZnJhbWV3b3JrLmJhdGNoLmNvcmUuc3RlcC50YXNrbGV0LlRhc2tsZXRTdGVweA==',NULL),(5,'rO0ABXNyABFqYXZhLnV0aWwuSGFzaE1hcAUH2sHDFmDRAwACRgAKbG9hZEZhY3RvckkACXRocmVzaG9sZHhwP0AAAAAAAAx3CAAAABAAAAAEdAARYmF0Y2gudGFza2xldFR5cGV0AD1vcmcuc3ByaW5nZnJhbWV3b3JrLmJhdGNoLmNvcmUuc3RlcC5pdGVtLkNodW5rT3JpZW50ZWRUYXNrbGV0dAArUXVlcnlkc2xOb09mZnNldFBhZ2luZ0l0ZW1SZWFkZXIucmVhZC5jb3VudHNyABFqYXZhLmxhbmcuSW50ZWdlchLioKT3gYc4AgABSQAFdmFsdWV4cgAQamF2YS5sYW5nLk51bWJlcoaslR0LlOCLAgAAeHAAAAAAdAANYmF0Y2gudmVyc2lvbnQABTUuMS4wdAAOYmF0Y2guc3RlcFR5cGV0ADdvcmcuc3ByaW5nZnJhbWV3b3JrLmJhdGNoLmNvcmUuc3RlcC50YXNrbGV0LlRhc2tsZXRTdGVweA==',NULL),(6,'rO0ABXNyABFqYXZhLnV0aWwuSGFzaE1hcAUH2sHDFmDRAwACRgAKbG9hZEZhY3RvckkACXRocmVzaG9sZHhwP0AAAAAAAAx3CAAAABAAAAAEdAARYmF0Y2gudGFza2xldFR5cGV0AD1vcmcuc3ByaW5nZnJhbWV3b3JrLmJhdGNoLmNvcmUuc3RlcC5pdGVtLkNodW5rT3JpZW50ZWRUYXNrbGV0dAArUXVlcnlkc2xOb09mZnNldFBhZ2luZ0l0ZW1SZWFkZXIucmVhZC5jb3VudHNyABFqYXZhLmxhbmcuSW50ZWdlchLioKT3gYc4AgABSQAFdmFsdWV4cgAQamF2YS5sYW5nLk51bWJlcoaslR0LlOCLAgAAeHAAAAAAdAANYmF0Y2gudmVyc2lvbnQABTUuMS4wdAAOYmF0Y2guc3RlcFR5cGV0ADdvcmcuc3ByaW5nZnJhbWV3b3JrLmJhdGNoLmNvcmUuc3RlcC50YXNrbGV0LlRhc2tsZXRTdGVweA==',NULL),(7,'rO0ABXNyABFqYXZhLnV0aWwuSGFzaE1hcAUH2sHDFmDRAwACRgAKbG9hZEZhY3RvckkACXRocmVzaG9sZHhwP0AAAAAAAAx3CAAAABAAAAAEdAARYmF0Y2gudGFza2xldFR5cGV0AD1vcmcuc3ByaW5nZnJhbWV3b3JrLmJhdGNoLmNvcmUuc3RlcC5pdGVtLkNodW5rT3JpZW50ZWRUYXNrbGV0dAArUXVlcnlkc2xOb09mZnNldFBhZ2luZ0l0ZW1SZWFkZXIucmVhZC5jb3VudHNyABFqYXZhLmxhbmcuSW50ZWdlchLioKT3gYc4AgABSQAFdmFsdWV4cgAQamF2YS5sYW5nLk51bWJlcoaslR0LlOCLAgAAeHAAAAAAdAANYmF0Y2gudmVyc2lvbnQABTUuMS4wdAAOYmF0Y2guc3RlcFR5cGV0ADdvcmcuc3ByaW5nZnJhbWV3b3JrLmJhdGNoLmNvcmUuc3RlcC50YXNrbGV0LlRhc2tsZXRTdGVweA==',NULL),(8,'rO0ABXNyABFqYXZhLnV0aWwuSGFzaE1hcAUH2sHDFmDRAwACRgAKbG9hZEZhY3RvckkACXRocmVzaG9sZHhwP0AAAAAAAAx3CAAAABAAAAAEdAARYmF0Y2gudGFza2xldFR5cGV0AD1vcmcuc3ByaW5nZnJhbWV3b3JrLmJhdGNoLmNvcmUuc3RlcC5pdGVtLkNodW5rT3JpZW50ZWRUYXNrbGV0dAArUXVlcnlkc2xOb09mZnNldFBhZ2luZ0l0ZW1SZWFkZXIucmVhZC5jb3VudHNyABFqYXZhLmxhbmcuSW50ZWdlchLioKT3gYc4AgABSQAFdmFsdWV4cgAQamF2YS5sYW5nLk51bWJlcoaslR0LlOCLAgAAeHAAAAAAdAANYmF0Y2gudmVyc2lvbnQABTUuMS4wdAAOYmF0Y2guc3RlcFR5cGV0ADdvcmcuc3ByaW5nZnJhbWV3b3JrLmJhdGNoLmNvcmUuc3RlcC50YXNrbGV0LlRhc2tsZXRTdGVweA==',NULL),(9,'rO0ABXNyABFqYXZhLnV0aWwuSGFzaE1hcAUH2sHDFmDRAwACRgAKbG9hZEZhY3RvckkACXRocmVzaG9sZHhwP0AAAAAAAAx3CAAAABAAAAAEdAARYmF0Y2gudGFza2xldFR5cGV0AD1vcmcuc3ByaW5nZnJhbWV3b3JrLmJhdGNoLmNvcmUuc3RlcC5pdGVtLkNodW5rT3JpZW50ZWRUYXNrbGV0dAArUXVlcnlkc2xOb09mZnNldFBhZ2luZ0l0ZW1SZWFkZXIucmVhZC5jb3VudHNyABFqYXZhLmxhbmcuSW50ZWdlchLioKT3gYc4AgABSQAFdmFsdWV4cgAQamF2YS5sYW5nLk51bWJlcoaslR0LlOCLAgAAeHAAAAAAdAANYmF0Y2gudmVyc2lvbnQABTUuMS4wdAAOYmF0Y2guc3RlcFR5cGV0ADdvcmcuc3ByaW5nZnJhbWV3b3JrLmJhdGNoLmNvcmUuc3RlcC50YXNrbGV0LlRhc2tsZXRTdGVweA==',NULL),(10,'rO0ABXNyABFqYXZhLnV0aWwuSGFzaE1hcAUH2sHDFmDRAwACRgAKbG9hZEZhY3RvckkACXRocmVzaG9sZHhwP0AAAAAAAAx3CAAAABAAAAAEdAARYmF0Y2gudGFza2xldFR5cGV0AD1vcmcuc3ByaW5nZnJhbWV3b3JrLmJhdGNoLmNvcmUuc3RlcC5pdGVtLkNodW5rT3JpZW50ZWRUYXNrbGV0dAArUXVlcnlkc2xOb09mZnNldFBhZ2luZ0l0ZW1SZWFkZXIucmVhZC5jb3VudHNyABFqYXZhLmxhbmcuSW50ZWdlchLioKT3gYc4AgABSQAFdmFsdWV4cgAQamF2YS5sYW5nLk51bWJlcoaslR0LlOCLAgAAeHAAAAAAdAANYmF0Y2gudmVyc2lvbnQABTUuMS4wdAAOYmF0Y2guc3RlcFR5cGV0ADdvcmcuc3ByaW5nZnJhbWV3b3JrLmJhdGNoLmNvcmUuc3RlcC50YXNrbGV0LlRhc2tsZXRTdGVweA==',NULL),(11,'rO0ABXNyABFqYXZhLnV0aWwuSGFzaE1hcAUH2sHDFmDRAwACRgAKbG9hZEZhY3RvckkACXRocmVzaG9sZHhwP0AAAAAAAAx3CAAAABAAAAAEdAARYmF0Y2gudGFza2xldFR5cGV0AD1vcmcuc3ByaW5nZnJhbWV3b3JrLmJhdGNoLmNvcmUuc3RlcC5pdGVtLkNodW5rT3JpZW50ZWRUYXNrbGV0dAArUXVlcnlkc2xOb09mZnNldFBhZ2luZ0l0ZW1SZWFkZXIucmVhZC5jb3VudHNyABFqYXZhLmxhbmcuSW50ZWdlchLioKT3gYc4AgABSQAFdmFsdWV4cgAQamF2YS5sYW5nLk51bWJlcoaslR0LlOCLAgAAeHAAAAAAdAANYmF0Y2gudmVyc2lvbnQABTUuMS4wdAAOYmF0Y2guc3RlcFR5cGV0ADdvcmcuc3ByaW5nZnJhbWV3b3JrLmJhdGNoLmNvcmUuc3RlcC50YXNrbGV0LlRhc2tsZXRTdGVweA==',NULL),(12,'rO0ABXNyABFqYXZhLnV0aWwuSGFzaE1hcAUH2sHDFmDRAwACRgAKbG9hZEZhY3RvckkACXRocmVzaG9sZHhwP0AAAAAAAAx3CAAAABAAAAAEdAARYmF0Y2gudGFza2xldFR5cGV0AD1vcmcuc3ByaW5nZnJhbWV3b3JrLmJhdGNoLmNvcmUuc3RlcC5pdGVtLkNodW5rT3JpZW50ZWRUYXNrbGV0dAArUXVlcnlkc2xOb09mZnNldFBhZ2luZ0l0ZW1SZWFkZXIucmVhZC5jb3VudHNyABFqYXZhLmxhbmcuSW50ZWdlchLioKT3gYc4AgABSQAFdmFsdWV4cgAQamF2YS5sYW5nLk51bWJlcoaslR0LlOCLAgAAeHAAAAAAdAANYmF0Y2gudmVyc2lvbnQABTUuMS4wdAAOYmF0Y2guc3RlcFR5cGV0ADdvcmcuc3ByaW5nZnJhbWV3b3JrLmJhdGNoLmNvcmUuc3RlcC50YXNrbGV0LlRhc2tsZXRTdGVweA==',NULL),(13,'rO0ABXNyABFqYXZhLnV0aWwuSGFzaE1hcAUH2sHDFmDRAwACRgAKbG9hZEZhY3RvckkACXRocmVzaG9sZHhwP0AAAAAAAAx3CAAAABAAAAAEdAARYmF0Y2gudGFza2xldFR5cGV0AD1vcmcuc3ByaW5nZnJhbWV3b3JrLmJhdGNoLmNvcmUuc3RlcC5pdGVtLkNodW5rT3JpZW50ZWRUYXNrbGV0dAArUXVlcnlkc2xOb09mZnNldFBhZ2luZ0l0ZW1SZWFkZXIucmVhZC5jb3VudHNyABFqYXZhLmxhbmcuSW50ZWdlchLioKT3gYc4AgABSQAFdmFsdWV4cgAQamF2YS5sYW5nLk51bWJlcoaslR0LlOCLAgAAeHAAAAAUdAANYmF0Y2gudmVyc2lvbnQABTUuMS4wdAAOYmF0Y2guc3RlcFR5cGV0ADdvcmcuc3ByaW5nZnJhbWV3b3JrLmJhdGNoLmNvcmUuc3RlcC50YXNrbGV0LlRhc2tsZXRTdGVweA==',NULL),(14,'rO0ABXNyABFqYXZhLnV0aWwuSGFzaE1hcAUH2sHDFmDRAwACRgAKbG9hZEZhY3RvckkACXRocmVzaG9sZHhwP0AAAAAAAAx3CAAAABAAAAAEdAARYmF0Y2gudGFza2xldFR5cGV0AD1vcmcuc3ByaW5nZnJhbWV3b3JrLmJhdGNoLmNvcmUuc3RlcC5pdGVtLkNodW5rT3JpZW50ZWRUYXNrbGV0dAArUXVlcnlkc2xOb09mZnNldFBhZ2luZ0l0ZW1SZWFkZXIucmVhZC5jb3VudHNyABFqYXZhLmxhbmcuSW50ZWdlchLioKT3gYc4AgABSQAFdmFsdWV4cgAQamF2YS5sYW5nLk51bWJlcoaslR0LlOCLAgAAeHAAAADJdAANYmF0Y2gudmVyc2lvbnQABTUuMS4wdAAOYmF0Y2guc3RlcFR5cGV0ADdvcmcuc3ByaW5nZnJhbWV3b3JrLmJhdGNoLmNvcmUuc3RlcC50YXNrbGV0LlRhc2tsZXRTdGVweA==',NULL);
/*!40000 ALTER TABLE `BATCH_STEP_EXECUTION_CONTEXT` ENABLE KEYS */;
UNLOCK TABLES;

--
-- Table structure for table `BATCH_STEP_EXECUTION_SEQ`
--

DROP TABLE IF EXISTS `BATCH_STEP_EXECUTION_SEQ`;
/*!40101 SET @saved_cs_client     = @@character_set_client */;
/*!50503 SET character_set_client = utf8mb4 */;
CREATE TABLE `BATCH_STEP_EXECUTION_SEQ` (
  `ID` bigint NOT NULL,
  `UNIQUE_KEY` char(1) NOT NULL,
  UNIQUE KEY `UNIQUE_KEY_UN` (`UNIQUE_KEY`)
) ENGINE=InnoDB DEFAULT CHARSET=utf8mb4 COLLATE=utf8mb4_0900_ai_ci;
/*!40101 SET character_set_client = @saved_cs_client */;

--
-- Dumping data for table `BATCH_STEP_EXECUTION_SEQ`
--

LOCK TABLES `BATCH_STEP_EXECUTION_SEQ` WRITE;
/*!40000 ALTER TABLE `BATCH_STEP_EXECUTION_SEQ` DISABLE KEYS */;
INSERT INTO `BATCH_STEP_EXECUTION_SEQ` VALUES (14,'0');
/*!40000 ALTER TABLE `BATCH_STEP_EXECUTION_SEQ` ENABLE KEYS */;
UNLOCK TABLES;

--
-- Table structure for table `article`
--

DROP TABLE IF EXISTS `article`;
/*!40101 SET @saved_cs_client     = @@character_set_client */;
/*!50503 SET character_set_client = utf8mb4 */;
CREATE TABLE `article` (
  `is_notice` bit(1) NOT NULL,
  `article_id` bigint NOT NULL AUTO_INCREMENT,
  `article_link` bigint NOT NULL,
  `board_id` bigint NOT NULL,
  `created_date` datetime(6) DEFAULT NULL,
  `last_modified_date` datetime(6) DEFAULT NULL,
  `article_name` varchar(255) DEFAULT NULL,
  `created_at` varchar(255) DEFAULT NULL,
  `created_by` varchar(255) DEFAULT NULL,
  `last_modified_by` varchar(255) DEFAULT NULL,
  PRIMARY KEY (`article_id`),
  KEY `FK2y7w132xb5xp1aiouig87aqjo` (`board_id`),
  CONSTRAINT `FK2y7w132xb5xp1aiouig87aqjo` FOREIGN KEY (`board_id`) REFERENCES `board` (`board_id`)
) ENGINE=InnoDB DEFAULT CHARSET=utf8mb4 COLLATE=utf8mb4_0900_ai_ci;
/*!40101 SET character_set_client = @saved_cs_client */;

--
-- Dumping data for table `article`
--

LOCK TABLES `article` WRITE;
/*!40000 ALTER TABLE `article` DISABLE KEYS */;
/*!40000 ALTER TABLE `article` ENABLE KEYS */;
UNLOCK TABLES;

--
-- Table structure for table `artist_info`
--

DROP TABLE IF EXISTS `artist_info`;
/*!40101 SET @saved_cs_client     = @@character_set_client */;
/*!50503 SET character_set_client = utf8mb4 */;
CREATE TABLE `artist_info` (
  `max_midi` int DEFAULT NULL,
  `min_midi` int DEFAULT NULL,
  `max_note` varchar(5) DEFAULT NULL,
  `min_note` varchar(5) DEFAULT NULL,
  `created_date` datetime(6) DEFAULT NULL,
  `id` bigint NOT NULL AUTO_INCREMENT,
  `last_modified_date` datetime(6) DEFAULT NULL,
  `gender` varchar(10) DEFAULT NULL,
  `created_by` varchar(255) DEFAULT NULL,
  `last_modified_by` varchar(255) DEFAULT NULL,
  `name` varchar(255) DEFAULT NULL,
  PRIMARY KEY (`id`)
) ENGINE=InnoDB AUTO_INCREMENT=172 DEFAULT CHARSET=utf8mb4 COLLATE=utf8mb4_0900_ai_ci;
/*!40101 SET character_set_client = @saved_cs_client */;

--
-- Dumping data for table `artist_info`
--

LOCK TABLES `artist_info` WRITE;
/*!40000 ALTER TABLE `artist_info` DISABLE KEYS */;
INSERT INTO `artist_info` VALUES (70,39,'Bb4','Eb2',NULL,1,NULL,'Male',NULL,NULL,''),(72,38,'C5','D2',NULL,2,NULL,'Male',NULL,NULL,''),(71,41,'B4','F2',NULL,3,NULL,'Male',NULL,NULL,''),(72,43,'C5','G2',NULL,4,NULL,'Male',NULL,NULL,''),(68,41,'G#4','F2',NULL,5,NULL,'Male',NULL,NULL,''),(76,40,'E5','E2',NULL,6,NULL,'Male',NULL,NULL,''),(69,48,'A4','C3',NULL,7,NULL,'Male',NULL,NULL,''),(71,36,'B4','C2',NULL,8,NULL,'Male',NULL,NULL,''),(71,42,'B4','Gb2',NULL,9,NULL,'Male',NULL,NULL,''),(75,36,'D#5','C2',NULL,10,NULL,'Male',NULL,NULL,''),(73,40,'C#5','E2',NULL,11,NULL,'Male',NULL,NULL,''),(67,43,'G4','G2',NULL,12,NULL,'Male',NULL,NULL,''),(72,36,'C5','C2',NULL,13,NULL,'Male',NULL,NULL,''),(69,42,'A4','F#2',NULL,14,NULL,'Male',NULL,NULL,''),(68,38,'G#4','D2',NULL,15,NULL,'Male',NULL,NULL,''),(65,42,'F4','F#2',NULL,16,NULL,'Male',NULL,NULL,''),(69,42,'A4','F#2',NULL,17,NULL,'Male',NULL,NULL,''),(71,43,'B4','G2',NULL,18,NULL,'Male',NULL,NULL,''),(73,43,'C#5','G2',NULL,19,NULL,'Male',NULL,NULL,''),(72,45,'C5','A2',NULL,20,NULL,'Male',NULL,NULL,''),(74,45,'D5','A2',NULL,21,NULL,'Male',NULL,NULL,''),(77,44,'F5','G#2',NULL,22,NULL,'Male',NULL,NULL,''),(76,42,'E5','F#2',NULL,23,NULL,'Male',NULL,NULL,''),(73,43,'C#5','G2',NULL,24,NULL,'Male',NULL,NULL,''),(71,43,'B4','G2',NULL,25,NULL,'Male',NULL,NULL,''),(74,46,'D5','A#2',NULL,26,NULL,'Male',NULL,NULL,''),(76,43,'E5','G2',NULL,27,NULL,'Male',NULL,NULL,''),(77,45,'F5','A2',NULL,28,NULL,'Male',NULL,NULL,''),(74,45,'D5','A2',NULL,29,NULL,'Male',NULL,NULL,''),(70,38,'A#4','D2',NULL,30,NULL,'Male',NULL,NULL,''),(76,45,'E5','A2',NULL,31,NULL,'Male',NULL,NULL,''),(77,47,'F5','B2',NULL,32,NULL,'Male',NULL,NULL,''),(81,45,'A5','A2',NULL,33,NULL,'Male',NULL,NULL,''),(76,46,'E5','Bb2',NULL,34,NULL,'Male',NULL,NULL,''),(73,48,'C#5','C3',NULL,35,NULL,'Male',NULL,NULL,''),(75,43,'D#5','G2',NULL,36,NULL,'Male',NULL,NULL,''),(78,43,'F#5','G2',NULL,37,NULL,'Male',NULL,NULL,''),(77,46,'F5','Bb2',NULL,38,NULL,'Male',NULL,NULL,''),(73,42,'C#5','F#2',NULL,39,NULL,'Male',NULL,NULL,''),(75,41,'D5','F2',NULL,40,NULL,'Male',NULL,NULL,''),(71,43,'B4','G2',NULL,41,NULL,'Male',NULL,NULL,''),(72,45,'C5','A2',NULL,42,NULL,'Male',NULL,NULL,''),(77,48,'F5','C3',NULL,43,NULL,'Male',NULL,NULL,''),(75,40,'D#5','E2',NULL,44,NULL,'Male',NULL,NULL,''),(76,48,'E5','C3',NULL,45,NULL,'Male',NULL,NULL,''),(69,43,'A4','G2',NULL,46,NULL,'Male',NULL,NULL,''),(78,42,'F#5','Gb2',NULL,47,NULL,'Male',NULL,NULL,''),(76,50,'E5','Ab2',NULL,48,NULL,'Male',NULL,NULL,''),(76,44,'E5','G#2',NULL,49,NULL,'Male',NULL,NULL,''),(76,49,'E5','C#3',NULL,50,NULL,'Male',NULL,NULL,''),(73,42,'C#5','F#2',NULL,51,NULL,'Male',NULL,NULL,''),(72,41,'C5','F2',NULL,52,NULL,'Male',NULL,NULL,''),(73,45,'C#5','A2',NULL,53,NULL,'Male',NULL,NULL,''),(71,45,'B4','A2',NULL,54,NULL,'Male',NULL,NULL,''),(73,41,'C#5','F2',NULL,55,NULL,'Male',NULL,NULL,''),(76,40,'E5','E2',NULL,56,NULL,'Male',NULL,NULL,''),(77,46,'F5','A#2',NULL,57,NULL,'Male',NULL,NULL,''),(77,48,'F5','C3',NULL,58,NULL,'Male',NULL,NULL,''),(74,42,'D5','F#2',NULL,59,NULL,'Male',NULL,NULL,''),(71,42,'B4','Gb2',NULL,60,NULL,'Male',NULL,NULL,''),(72,41,'C5','F2',NULL,61,NULL,'Male',NULL,NULL,''),(73,40,'C#5','E2',NULL,62,NULL,'Male',NULL,NULL,''),(73,47,'C#5','B2',NULL,63,NULL,'Male',NULL,NULL,''),(75,43,'D#5','G2',NULL,64,NULL,'Male',NULL,NULL,''),(75,39,'D#5','Eb2',NULL,65,NULL,'Male',NULL,NULL,''),(79,45,'G5','A2',NULL,66,NULL,'Male',NULL,NULL,''),(75,48,'Eb5','C#2',NULL,67,NULL,'Male',NULL,NULL,''),(77,50,'F5','Ab2',NULL,68,NULL,'Male',NULL,NULL,''),(75,41,'D#5','F2',NULL,69,NULL,'Male',NULL,NULL,''),(74,45,'D5','A2',NULL,70,NULL,'Male',NULL,NULL,''),(75,45,'D#5','A2',NULL,71,NULL,'Male',NULL,NULL,''),(70,44,'A#4','G#2',NULL,72,NULL,'Male',NULL,NULL,''),(70,41,'A#4','F2',NULL,73,NULL,'Male',NULL,NULL,''),(73,45,'C#5','A2',NULL,74,NULL,'Male',NULL,NULL,''),(72,49,'C5','C#3',NULL,75,NULL,'Male',NULL,NULL,''),(61,44,'Db5','G#2',NULL,76,NULL,'Male',NULL,NULL,''),(74,50,'D5','Ab2',NULL,77,NULL,'Male',NULL,NULL,''),(72,47,'C5','B2',NULL,78,NULL,'Male',NULL,NULL,''),(73,41,'C#5','F2',NULL,79,NULL,'Male',NULL,NULL,''),(76,45,'E5','A2',NULL,80,NULL,'Male',NULL,NULL,''),(72,42,'C5','F#2',NULL,81,NULL,'Male',NULL,NULL,''),(79,38,'G5','D2',NULL,82,NULL,'Male',NULL,NULL,''),(73,42,'C#5','Gb2',NULL,83,NULL,'Male',NULL,NULL,''),(72,42,'C5','F#2',NULL,84,NULL,'Male',NULL,NULL,''),(80,50,'Gb5','Db3',NULL,85,NULL,'Male',NULL,NULL,'KCM'),(72,43,'C5','G2',NULL,86,NULL,'Male',NULL,NULL,''),(73,51,'C#5','Eb3',NULL,87,NULL,'Female',NULL,NULL,''),(73,52,'C#5','E3',NULL,88,NULL,'Female',NULL,NULL,''),(79,51,'G5','D#3',NULL,89,NULL,'Female',NULL,NULL,''),(80,54,'Gb5','F#3',NULL,90,NULL,'Female',NULL,NULL,''),(74,51,'D5','Eb3',NULL,91,NULL,'Female',NULL,NULL,''),(72,49,'C5','C#3',NULL,92,NULL,'Female',NULL,NULL,''),(72,52,'C5','E3',NULL,93,NULL,'Female',NULL,NULL,''),(82,52,'G#5','E3',NULL,94,NULL,'Female',NULL,NULL,''),(76,52,'E5','E3',NULL,95,NULL,'Female',NULL,NULL,''),(76,57,'E5','F3',NULL,96,NULL,'Female',NULL,NULL,''),(78,51,'F#5','Eb3',NULL,97,NULL,'Female',NULL,NULL,''),(77,52,'F5','E3',NULL,98,NULL,'Female',NULL,NULL,''),(76,52,'E5','E3',NULL,99,NULL,'Female',NULL,NULL,''),(76,52,'E5','E3',NULL,100,NULL,'Female',NULL,NULL,''),(79,57,'G5','F3',NULL,101,NULL,'Female',NULL,NULL,''),(76,56,'E5','G#3',NULL,102,NULL,'Female',NULL,NULL,''),(77,54,'F5','F#3',NULL,103,NULL,'Female',NULL,NULL,''),(74,53,'D5','F3',NULL,104,NULL,'Female',NULL,NULL,''),(70,52,'B4','E3',NULL,105,NULL,'Female',NULL,NULL,''),(76,52,'E5','E3',NULL,106,NULL,'Female',NULL,NULL,''),(78,57,'F#5','F3',NULL,107,NULL,'Female',NULL,NULL,''),(76,50,'E5','D3',NULL,108,NULL,'Female',NULL,NULL,''),(76,55,'E5','G3',NULL,109,NULL,'Female',NULL,NULL,''),(74,52,'D5','E3',NULL,110,NULL,'Female',NULL,NULL,''),(79,52,'G5','E3',NULL,111,NULL,'Female',NULL,NULL,''),(82,49,'G#5','Db3',NULL,112,NULL,'Female',NULL,NULL,''),(76,53,'E5','F3',NULL,113,NULL,'Female',NULL,NULL,''),(78,52,'F#5','E3',NULL,114,NULL,'Female',NULL,NULL,''),(79,54,'G5','F3',NULL,115,NULL,'Female',NULL,NULL,''),(77,54,'F5','F3',NULL,116,NULL,'Female',NULL,NULL,''),(75,54,'Eb5','F3',NULL,117,NULL,'Female',NULL,NULL,''),(76,52,'E5','E3',NULL,118,NULL,'Female',NULL,NULL,''),(73,52,'C#5','E3',NULL,119,NULL,'Female',NULL,NULL,''),(80,51,'Gb5','D#3',NULL,120,NULL,'Female',NULL,NULL,''),(80,52,'Gb5','E3',NULL,121,NULL,'Female',NULL,NULL,''),(83,52,'B5','E3',NULL,122,NULL,'Female',NULL,NULL,''),(79,52,'G5','E3',NULL,123,NULL,'Female',NULL,NULL,''),(76,51,'E5','D#3',NULL,124,NULL,'Female',NULL,NULL,''),(78,54,'F#5','F3',NULL,125,NULL,'Female',NULL,NULL,''),(82,54,'G#5','F3',NULL,126,NULL,'Female',NULL,NULL,''),(74,52,'D5','E3',NULL,127,NULL,'Female',NULL,NULL,''),(78,54,'F#5','F3',NULL,128,NULL,'Female',NULL,NULL,''),(75,51,'Eb5','Eb3',NULL,129,NULL,'Female',NULL,NULL,''),(74,51,'D5','Eb3',NULL,130,NULL,'Female',NULL,NULL,''),(75,52,'D#5','E3',NULL,131,NULL,'Female',NULL,NULL,''),(78,53,'F#5','D3',NULL,132,NULL,'Female',NULL,NULL,''),(76,52,'E5','E3',NULL,133,NULL,'Female',NULL,NULL,''),(77,54,'F5','F3',NULL,134,NULL,'Female',NULL,NULL,''),(75,56,'D#5','F#3',NULL,135,NULL,'Female',NULL,NULL,''),(77,51,'F5','D#3',NULL,136,NULL,'Female',NULL,NULL,''),(73,56,'C#5','F#3',NULL,137,NULL,'Female',NULL,NULL,''),(76,54,'E5','F3',NULL,138,NULL,'Female',NULL,NULL,''),(76,56,'E5','F#3',NULL,139,NULL,'Female',NULL,NULL,''),(79,59,'G5','G3',NULL,140,NULL,'Female',NULL,NULL,''),(79,53,'G5','D3',NULL,141,NULL,'Female',NULL,NULL,''),(76,54,'E5','F3',NULL,142,NULL,'Female',NULL,NULL,''),(76,53,'E5','D3',NULL,143,NULL,'Female',NULL,NULL,''),(75,49,'Eb5','C#3',NULL,144,NULL,'Female',NULL,NULL,''),(77,51,'F5','Eb3',NULL,145,NULL,'Female',NULL,NULL,''),(78,54,'F#5','F3',NULL,146,NULL,'Female',NULL,NULL,''),(78,52,'F#5','E3',NULL,147,NULL,'Female',NULL,NULL,''),(75,51,'D#5','D#3',NULL,148,NULL,'Female',NULL,NULL,''),(72,59,'C5','G3',NULL,149,NULL,'Female',NULL,NULL,''),(76,52,'E5','E3',NULL,150,NULL,'Female',NULL,NULL,''),(79,56,'G5','F#2',NULL,151,NULL,'Female',NULL,NULL,''),(76,59,'E5','G3',NULL,152,NULL,'Female',NULL,NULL,''),(76,52,'E5','E3',NULL,153,NULL,'Female',NULL,NULL,''),(81,54,'A5','F3',NULL,154,NULL,'Female',NULL,NULL,''),(79,54,'G5','F3',NULL,155,NULL,'Female',NULL,NULL,''),(77,54,'F5','F3',NULL,156,NULL,'Female',NULL,NULL,''),(78,52,'F#5','E3',NULL,157,NULL,'Female',NULL,NULL,''),(77,56,'F5','F#3',NULL,158,NULL,'Female',NULL,NULL,''),(80,51,'Gb5','D#3',NULL,159,NULL,'Female',NULL,NULL,''),(73,49,'C#5','Db3',NULL,160,NULL,'Female',NULL,NULL,''),(74,51,'D5','Eb3',NULL,161,NULL,'Female',NULL,NULL,''),(78,51,'F#5','D#3',NULL,162,NULL,'Female',NULL,NULL,''),(75,56,'Eb5','F#3',NULL,163,NULL,'Female',NULL,NULL,''),(75,52,'D#5','E3',NULL,164,NULL,'Female',NULL,NULL,''),(74,56,'D5','F#3',NULL,165,NULL,'Female',NULL,NULL,''),(75,57,'Eb5','G#3',NULL,166,NULL,'Female',NULL,NULL,''),(77,53,'F5','D3',NULL,167,NULL,'Female',NULL,NULL,''),(78,51,'F#5','Eb3',NULL,168,NULL,'Female',NULL,NULL,''),(77,52,'F5','E3',NULL,169,NULL,'Female',NULL,NULL,''),(76,56,'E5','F#3',NULL,170,NULL,'Female',NULL,NULL,''),(83,58,'B5','Ab3',NULL,171,NULL,'Female',NULL,NULL,'HYNN');
/*!40000 ALTER TABLE `artist_info` ENABLE KEYS */;
UNLOCK TABLES;

--
-- Table structure for table `board`
--

DROP TABLE IF EXISTS `board`;
/*!40101 SET @saved_cs_client     = @@character_set_client */;
/*!50503 SET character_set_client = utf8mb4 */;
CREATE TABLE `board` (
  `is_there_notice` bit(1) NOT NULL,
  `board_id` bigint NOT NULL AUTO_INCREMENT,
  `created_date` datetime(6) DEFAULT NULL,
  `last_modified_date` datetime(6) DEFAULT NULL,
  `board_crawling_url` varchar(255) DEFAULT NULL,
  `board_name` varchar(255) DEFAULT NULL,
  `board_view_url` varchar(255) DEFAULT NULL,
  `created_by` varchar(255) DEFAULT NULL,
  `last_modified_by` varchar(255) DEFAULT NULL,
  PRIMARY KEY (`board_id`)
) ENGINE=InnoDB DEFAULT CHARSET=utf8mb4 COLLATE=utf8mb4_0900_ai_ci;
/*!40101 SET character_set_client = @saved_cs_client */;

--
-- Dumping data for table `board`
--

LOCK TABLES `board` WRITE;
/*!40000 ALTER TABLE `board` DISABLE KEYS */;
/*!40000 ALTER TABLE `board` ENABLE KEYS */;
UNLOCK TABLES;

--
-- Table structure for table `heart`
--

DROP TABLE IF EXISTS `heart`;
/*!40101 SET @saved_cs_client     = @@character_set_client */;
/*!50503 SET character_set_client = utf8mb4 */;
CREATE TABLE `heart` (
  `heart_id` bigint NOT NULL AUTO_INCREMENT,
  `created_by` varchar(255) DEFAULT NULL,
  `created_date` datetime(6) DEFAULT NULL,
  `last_modified_by` varchar(255) DEFAULT NULL,
  `last_modified_date` datetime(6) DEFAULT NULL,
  `member_id` bigint NOT NULL,
  `post_id` bigint NOT NULL,
  PRIMARY KEY (`heart_id`),
  KEY `FKiqbtbunbl2h0r928gnlg7ncta` (`member_id`),
  KEY `FKqyr9v537b0go8pcrr83aq4m4` (`post_id`),
  CONSTRAINT `FKiqbtbunbl2h0r928gnlg7ncta` FOREIGN KEY (`member_id`) REFERENCES `member` (`member_id`),
  CONSTRAINT `FKqyr9v537b0go8pcrr83aq4m4` FOREIGN KEY (`post_id`) REFERENCES `post` (`post_id`)
) ENGINE=InnoDB AUTO_INCREMENT=10 DEFAULT CHARSET=utf8mb4 COLLATE=utf8mb4_0900_ai_ci;
/*!40101 SET character_set_client = @saved_cs_client */;

--
-- Dumping data for table `heart`
--

LOCK TABLES `heart` WRITE;
/*!40000 ALTER TABLE `heart` DISABLE KEYS */;
INSERT INTO `heart` VALUES (1,NULL,NULL,NULL,NULL,2,1),(5,'8807d7de-4082-42d1-8144-7f68201ca71f','2024-02-15 18:12:29.029545','8807d7de-4082-42d1-8144-7f68201ca71f','2024-02-15 18:12:29.029545',18,6),(6,'60e4869d-2631-4720-b105-659dc3e5382f','2024-02-15 18:12:39.745171','60e4869d-2631-4720-b105-659dc3e5382f','2024-02-15 18:12:39.745171',18,5),(7,'b9a086a4-e80b-49f6-a6a9-6ff00db7aadd','2024-02-15 18:12:40.385914','b9a086a4-e80b-49f6-a6a9-6ff00db7aadd','2024-02-15 18:12:40.385914',18,4),(8,'60e50082-a65e-477d-95b2-c187979d6fa9','2024-02-15 18:12:42.269804','60e50082-a65e-477d-95b2-c187979d6fa9','2024-02-15 18:12:42.269804',18,2),(9,'29d8ae2c-be4e-4e6d-94b3-a8ad112f2adc','2024-02-15 18:12:43.867343','29d8ae2c-be4e-4e6d-94b3-a8ad112f2adc','2024-02-15 18:12:43.867343',18,1);
/*!40000 ALTER TABLE `heart` ENABLE KEYS */;
UNLOCK TABLES;

--
-- Table structure for table `likes`
--

DROP TABLE IF EXISTS `likes`;
/*!40101 SET @saved_cs_client     = @@character_set_client */;
/*!50503 SET character_set_client = utf8mb4 */;
CREATE TABLE `likes` (
  `created_date` datetime(6) DEFAULT NULL,
  `last_modified_date` datetime(6) DEFAULT NULL,
  `likes_id` bigint NOT NULL AUTO_INCREMENT,
  `member_id` bigint NOT NULL,
  `post_id` bigint NOT NULL,
  `created_by` varchar(255) DEFAULT NULL,
  `last_modified_by` varchar(255) DEFAULT NULL,
  PRIMARY KEY (`likes_id`),
  KEY `FKa4vkf1skcfu5r6o5gfb5jf295` (`member_id`),
  KEY `FKowd6f4s7x9f3w50pvlo6x3b41` (`post_id`),
  CONSTRAINT `FKa4vkf1skcfu5r6o5gfb5jf295` FOREIGN KEY (`member_id`) REFERENCES `member` (`member_id`),
  CONSTRAINT `FKowd6f4s7x9f3w50pvlo6x3b41` FOREIGN KEY (`post_id`) REFERENCES `post` (`post_id`)
) ENGINE=InnoDB DEFAULT CHARSET=utf8mb4 COLLATE=utf8mb4_0900_ai_ci;
/*!40101 SET character_set_client = @saved_cs_client */;

--
-- Dumping data for table `likes`
--

LOCK TABLES `likes` WRITE;
/*!40000 ALTER TABLE `likes` DISABLE KEYS */;
/*!40000 ALTER TABLE `likes` ENABLE KEYS */;
UNLOCK TABLES;

--
-- Table structure for table `member`
--

DROP TABLE IF EXISTS `member`;
/*!40101 SET @saved_cs_client     = @@character_set_client */;
/*!50503 SET character_set_client = utf8mb4 */;
CREATE TABLE `member` (
  `profile_img` bit(1) DEFAULT NULL,
  `created_date` datetime(6) DEFAULT NULL,
  `last_modified_date` datetime(6) DEFAULT NULL,
  `member_id` bigint NOT NULL AUTO_INCREMENT,
  `vocal_range_id` bigint DEFAULT NULL,
  `provider_id` bigint DEFAULT NULL,
  `nickname` varchar(30) DEFAULT NULL,
  `created_by` varchar(255) DEFAULT NULL,
  `last_modified_by` varchar(255) DEFAULT NULL,
  `role` enum('ADMIN','MEMBER') NOT NULL,
  `status` enum('ACTIVE','INACTIVE','LOCKED','DELETED') NOT NULL,
  PRIMARY KEY (`member_id`),
  UNIQUE KEY `UK_97jnpb6wi0j65n438r4klpeke` (`vocal_range_id`),
  UNIQUE KEY `UK_3orqjaukiw2b73e2gw8rer4rq` (`provider_id`),
  CONSTRAINT `FK5j6u58qau9rpxchackivo75yc` FOREIGN KEY (`vocal_range_id`) REFERENCES `vocal_range` (`vocal_range_id`)
) ENGINE=InnoDB AUTO_INCREMENT=27 DEFAULT CHARSET=utf8mb4 COLLATE=utf8mb4_0900_ai_ci;
/*!40101 SET character_set_client = @saved_cs_client */;

--
-- Dumping data for table `member`
--

LOCK TABLES `member` WRITE;
/*!40000 ALTER TABLE `member` DISABLE KEYS */;
INSERT INTO `member` VALUES (_binary '\0','2024-02-06 13:14:41.756190','2024-02-06 13:14:41.756190',1,2,3324418967,' ','2889a0dd-a4a1-487e-af3a-b39c2b57dec5','2889a0dd-a4a1-487e-af3a-b39c2b57dec5','MEMBER','ACTIVE'),(_binary '\0','2024-02-06 15:28:45.164046','2024-02-08 13:18:48.354039',2,1,3282829076,' ','4a62e145-6e18-4b94-9f1d-6721c83731c4','86e924e4-8949-46dd-a863-580aa7ede8d1','MEMBER','ACTIVE'),(_binary '','2024-02-06 16:26:47.566955','2024-02-15 22:15:30.323872',3,3,3302513330,'','9e04fc33-4ce7-4ef7-87a4-1bb816db8fcf','157e0cd0-9af6-4f41-8310-a8d16fe09ceb','MEMBER','ACTIVE'),(_binary '\0','2024-02-07 13:20:03.619325','2024-02-07 13:20:03.619325',4,4,3320892471,' ','ef51d7d7-0619-4e69-99df-aa0c73822b4a','ef51d7d7-0619-4e69-99df-aa0c73822b4a','MEMBER','ACTIVE'),(_binary '\0','2024-02-08 09:53:01.653199','2024-02-08 09:53:01.653199',5,5,3331368102,' ','31fedf9c-5315-4d49-990f-84e51edb2c3f','31fedf9c-5315-4d49-990f-84e51edb2c3f','MEMBER','ACTIVE'),(_binary '\0','2024-02-09 00:32:58.108594','2024-02-09 00:32:58.108594',6,6,3279733985,' ','5878ed70-1115-4844-8a1e-fca9aed0b2d5','5878ed70-1115-4844-8a1e-fca9aed0b2d5','MEMBER','ACTIVE'),(_binary '','2024-02-15 17:10:08.774025','2024-02-15 17:45:05.921064',18,17,3344953471,' ','bb07ba50-788f-4f92-8f4e-079e5e6dc033','ed0abb20-dfa7-4f4e-ac61-6961f3e4588b','MEMBER','ACTIVE'),(_binary '','2024-02-15 17:13:16.780279','2024-02-15 22:27:44.023282',19,52,3344949775,'','c6017a4b-5adf-4e8e-915d-17c2daceedff','b050727b-0b9e-40f3-8138-ed0e8b53d81d','MEMBER','ACTIVE'),(_binary '','2024-02-15 17:22:18.188575','2024-02-15 21:09:09.626007',20,13,3345030950,' ','43e15485-6b2f-4827-aa1c-d61d30709b9d','271069c1-ad6f-4d98-b749-b1c4fd9ad319','MEMBER','ACTIVE'),(_binary '\0','2024-02-15 17:24:36.034796','2024-02-15 17:24:36.034796',21,NULL,3345034377,' ','2d6c3114-82fc-465d-98c1-4d1620bdc406','2d6c3114-82fc-465d-98c1-4d1620bdc406','MEMBER','ACTIVE'),(_binary '\0','2024-02-15 19:04:54.331092','2024-02-15 19:04:54.331092',22,NULL,3345178963,' ','5c53a847-de9a-4998-8fc5-9121fcdd57d0','5c53a847-de9a-4998-8fc5-9121fcdd57d0','MEMBER','ACTIVE'),(_binary '\0','2024-02-15 21:49:10.820279','2024-02-15 21:49:10.820279',23,NULL,3345426194,' ','8f63caf8-9087-4c39-8825-63c9b9d57249','8f63caf8-9087-4c39-8825-63c9b9d57249','MEMBER','ACTIVE'),(_binary '\0','2024-02-15 22:00:11.111022','2024-02-15 22:08:23.249627',24,47,3345443061,'','0d35d7ce-0306-4068-9d9e-9bce19e9efc8','2a9da5ef-95ac-4256-b0d4-389a968543a6','MEMBER','ACTIVE'),(_binary '\0','2024-02-15 22:07:43.074750','2024-02-15 22:07:57.321222',25,48,3345454931,' ','fda929b9-6806-409d-acce-8089fdcc1027','434ca97e-ee18-4406-9ca3-462479973d9a','MEMBER','ACTIVE'),(_binary '\0','2024-02-15 22:17:16.275145','2024-02-15 22:20:35.721606',26,51,3345469990,' ','020b7112-dd5e-4871-9d18-dbcd8416c154','c65011bd-9990-4bbc-9af9-4be5dd16f2a4','MEMBER','ACTIVE');
/*!40000 ALTER TABLE `member` ENABLE KEYS */;
UNLOCK TABLES;

--
-- Table structure for table `notification`
--

DROP TABLE IF EXISTS `notification`;
/*!40101 SET @saved_cs_client     = @@character_set_client */;
/*!50503 SET character_set_client = utf8mb4 */;
CREATE TABLE `notification` (
  `is_read` bit(1) NOT NULL,
  `article_id` bigint NOT NULL,
  `board_id` bigint NOT NULL,
  `created_date` datetime(6) DEFAULT NULL,
  `last_modified_date` datetime(6) DEFAULT NULL,
  `member_id` bigint NOT NULL,
  `notification_id` bigint NOT NULL AUTO_INCREMENT,
  `created_by` varchar(255) DEFAULT NULL,
  `last_modified_by` varchar(255) DEFAULT NULL,
  PRIMARY KEY (`notification_id`),
  KEY `FKtamcogeufjtl7w4ep5cktjlc9` (`article_id`),
  KEY `FKlov3gio05yp7qi3rj73m8p33d` (`board_id`),
  KEY `FK1xep8o2ge7if6diclyyx53v4q` (`member_id`),
  CONSTRAINT `FK1xep8o2ge7if6diclyyx53v4q` FOREIGN KEY (`member_id`) REFERENCES `member` (`member_id`),
  CONSTRAINT `FKlov3gio05yp7qi3rj73m8p33d` FOREIGN KEY (`board_id`) REFERENCES `board` (`board_id`),
  CONSTRAINT `FKtamcogeufjtl7w4ep5cktjlc9` FOREIGN KEY (`article_id`) REFERENCES `article` (`article_id`)
) ENGINE=InnoDB DEFAULT CHARSET=utf8mb4 COLLATE=utf8mb4_0900_ai_ci;
/*!40101 SET character_set_client = @saved_cs_client */;

--
-- Dumping data for table `notification`
--

LOCK TABLES `notification` WRITE;
/*!40000 ALTER TABLE `notification` DISABLE KEYS */;
/*!40000 ALTER TABLE `notification` ENABLE KEYS */;
UNLOCK TABLES;

--
-- Table structure for table `post`
--

DROP TABLE IF EXISTS `post`;
/*!40101 SET @saved_cs_client     = @@character_set_client */;
/*!50503 SET character_set_client = utf8mb4 */;
CREATE TABLE `post` (
  `created_date` datetime(6) DEFAULT NULL,
  `last_modified_date` datetime(6) DEFAULT NULL,
  `member_id` bigint NOT NULL,
  `post_id` bigint NOT NULL AUTO_INCREMENT,
  `content` varchar(1000) DEFAULT NULL,
  `created_by` varchar(255) DEFAULT NULL,
  `last_modified_by` varchar(255) DEFAULT NULL,
  `song_id` bigint DEFAULT NULL,
  `heart_count` int NOT NULL,
  PRIMARY KEY (`post_id`),
  KEY `FK83s99f4kx8oiqm3ro0sasmpww` (`member_id`),
  KEY `FKpit8qreu95c50siy1c5oe1iyt` (`song_id`),
  CONSTRAINT `FK83s99f4kx8oiqm3ro0sasmpww` FOREIGN KEY (`member_id`) REFERENCES `member` (`member_id`),
  CONSTRAINT `FKpit8qreu95c50siy1c5oe1iyt` FOREIGN KEY (`song_id`) REFERENCES `song` (`song_id`)
) ENGINE=InnoDB AUTO_INCREMENT=9 DEFAULT CHARSET=utf8mb4 COLLATE=utf8mb4_0900_ai_ci;
/*!40101 SET character_set_client = @saved_cs_client */;

--
-- Dumping data for table `post`
--

LOCK TABLES `post` WRITE;
/*!40000 ALTER TABLE `post` DISABLE KEYS */;
INSERT INTO `post` VALUES ('2024-01-31 00:00:00.000000','2024-02-15 18:12:43.871490',1,1,' asdfasdfasdf',NULL,'9f2a3835-f300-422f-b8b8-c143b896f9a0',8,2),('2024-02-15 16:38:13.862119','2024-02-15 18:12:42.273988',5,2,'123213123','c6660861-5662-41ed-82c0-14387c540513','ed6edea8-ae88-4de0-a353-829fdb22a6bc',66,1),('2024-02-15 17:15:23.680060','2024-02-15 18:12:40.389794',1,4,'?','808b3d3f-dd72-48df-a7a5-657ab3ec4542','bcdf072e-d6f6-4519-ae18-6a19b4cfd77d',94,1),('2024-02-15 17:17:14.531379','2024-02-15 18:12:39.749510',1,5,'','28882b22-79ff-470a-94ff-a7ee70c4f25a','f66be251-7b09-4ec1-ade7-0e810da7c2e2',94,1),('2024-02-15 17:17:39.975233','2024-02-15 18:12:29.039748',18,6,' 3 ~','f878ac8b-c55f-419f-8d58-9014fe766351','46a58856-194a-4a94-b5cd-58792b92a4ee',108,1),('2024-02-15 18:55:47.472676','2024-02-15 18:55:47.472676',19,7,'59','d1992ba8-b683-4dbf-a16a-a58de41c8ece','d1992ba8-b683-4dbf-a16a-a58de41c8ece',130,0);
/*!40000 ALTER TABLE `post` ENABLE KEYS */;
UNLOCK TABLES;

--
-- Table structure for table `practice_result`
--

DROP TABLE IF EXISTS `practice_result`;
/*!40101 SET @saved_cs_client     = @@character_set_client */;
/*!50503 SET character_set_client = utf8mb4 */;
CREATE TABLE `practice_result` (
  `score` int DEFAULT '0',
  `created_date` datetime(6) DEFAULT NULL,
  `last_modified_date` datetime(6) DEFAULT NULL,
  `member_id` bigint NOT NULL,
  `post_id` bigint DEFAULT NULL,
  `practice_result_id` bigint NOT NULL AUTO_INCREMENT,
  `song_id` bigint NOT NULL,
  `created_by` varchar(255) DEFAULT NULL,
  `last_modified_by` varchar(255) DEFAULT NULL,
  PRIMARY KEY (`practice_result_id`),
  UNIQUE KEY `UK_8y2xoyittgly63tqsqqnwq03b` (`post_id`),
  KEY `FK71tqi0g77dte94r4ive1mljhi` (`member_id`),
  KEY `FKhdwqbdkerk3s0aql497c77u81` (`song_id`),
  CONSTRAINT `FK6176bkat3l0phwbertdlyitqk` FOREIGN KEY (`post_id`) REFERENCES `post` (`post_id`),
  CONSTRAINT `FK71tqi0g77dte94r4ive1mljhi` FOREIGN KEY (`member_id`) REFERENCES `member` (`member_id`),
  CONSTRAINT `FKhdwqbdkerk3s0aql497c77u81` FOREIGN KEY (`song_id`) REFERENCES `song` (`song_id`)
) ENGINE=InnoDB AUTO_INCREMENT=21 DEFAULT CHARSET=utf8mb4 COLLATE=utf8mb4_0900_ai_ci;
/*!40101 SET character_set_client = @saved_cs_client */;

--
-- Dumping data for table `practice_result`
--

LOCK TABLES `practice_result` WRITE;
/*!40000 ALTER TABLE `practice_result` DISABLE KEYS */;
INSERT INTO `practice_result` VALUES (99,'2024-02-10 08:00:34.899243','2024-02-10 08:00:34.899243',1,NULL,1,1,NULL,NULL),(90,'2024-02-12 08:00:34.899243','2024-02-12 08:00:34.899243',1,1,2,8,NULL,NULL),(89,'2024-02-13 08:00:34.899243','2024-02-13 08:00:34.899243',2,NULL,3,10,NULL,NULL),(66,'2024-02-13 09:00:34.899243','2024-02-13 09:00:34.899243',3,NULL,4,15,NULL,NULL),(85,'2024-02-14 09:00:34.899243','2024-02-14 09:00:34.899243',4,NULL,5,65,NULL,NULL),(65,'2024-02-14 10:00:34.899243','2024-02-15 16:38:13.865075',5,2,6,66,NULL,'2ac43a07-95e4-4b2f-bff8-fafb7aa640b4'),(71,'2024-02-15 10:00:34.899243','2024-02-15 10:00:34.899243',6,NULL,7,42,NULL,'bf44226b-7821-4df0-a071-dc0f8ea0b940'),(73,'2024-02-15 10:15:03.961383','2024-02-15 10:45:08.135383',6,NULL,8,11,'3a2b6054-7237-497e-a101-760c46c6963a','d93a0b1a-ed1d-4914-86c4-f9cecc8b973f'),(54,'2024-02-15 16:24:38.280394','2024-02-15 16:25:02.911372',6,NULL,9,156,'af82c707-8d82-4b72-9ff9-3de63914f79d','25bc7657-a77d-4df0-8b77-6ace80e4c917'),(50,'2024-02-15 16:29:07.478289','2024-02-15 16:29:35.258815',1,NULL,10,94,'da40e376-7255-435c-9d09-6a33c57b11a8','9c6dea85-b247-4f8f-9f2d-326d9652ef93'),(55,'2024-02-15 16:35:04.767402','2024-02-15 16:35:33.969685',1,NULL,11,156,'8c836ba2-d2a6-471e-bcb4-661314615599','55e1354e-25f6-41c7-923f-4171931edd8f'),(59,'2024-02-15 17:14:18.382787','2024-02-15 18:55:47.485290',19,7,12,130,'58d4fd44-c414-4312-8879-cd10289ed847','336034fb-d39f-4cfe-8ac1-482ea2e842d3'),(85,'2024-02-15 17:14:38.503865','2024-02-15 17:15:23.682993',1,4,13,94,'f4e8ba5a-623b-4729-9fa7-b36ea72c275a','d798c1ac-6561-45ce-8530-50642fc0c60f'),(53,'2024-02-15 17:16:11.544444','2024-02-15 17:17:39.977961',18,6,14,108,'8518d049-1ccb-4268-82a0-d03a6b12a1ee','a9a5cce2-c2ba-4798-bf2a-90c1f8dc6fac'),(86,'2024-02-15 17:16:39.232582','2024-02-15 17:17:14.534410',1,5,15,94,'6ce6d9d1-615b-45d7-9997-ffb17e0a6812','154d7d02-e312-47d5-b36b-5299f1a6ba6f'),(NULL,'2024-02-15 17:24:57.884700','2024-02-15 17:24:57.884700',20,NULL,16,32,'ae24cf59-a0cb-4274-b307-d2ff1df704d9','ae24cf59-a0cb-4274-b307-d2ff1df704d9'),(NULL,'2024-02-15 17:26:33.290602','2024-02-15 17:26:33.290602',18,NULL,17,125,'975d5543-7856-4052-b1a4-3793eb917b81','975d5543-7856-4052-b1a4-3793eb917b81'),(50,'2024-02-15 17:54:17.578115','2024-02-15 20:57:26.525605',19,NULL,18,44,'522a2add-8774-43fc-a581-1fb8f5039b77','4a21782d-b366-4018-9c2c-d1cd204ec203'),(62,'2024-02-15 20:16:07.498548','2024-02-15 20:16:28.451759',19,NULL,19,50,'acb4f389-f8b2-43d8-8ed1-0a577d40573a','fcd749cb-fa59-48ee-ab8d-92fce523f9d5'),(50,'2024-02-15 22:14:03.881727','2024-02-15 22:14:24.063005',25,NULL,20,41,'f20e88e8-d338-44cf-8681-73488ea546a6','839eea8a-0c30-4cf9-ad07-183b371ce25f');
/*!40000 ALTER TABLE `practice_result` ENABLE KEYS */;
UNLOCK TABLES;

--
-- Table structure for table `saved_song`
--

DROP TABLE IF EXISTS `saved_song`;
/*!40101 SET @saved_cs_client     = @@character_set_client */;
/*!50503 SET character_set_client = utf8mb4 */;
CREATE TABLE `saved_song` (
  `created_date` datetime(6) DEFAULT NULL,
  `last_modified_date` datetime(6) DEFAULT NULL,
  `member_id` bigint DEFAULT NULL,
  `saved_song_id` bigint NOT NULL AUTO_INCREMENT,
  `song_id` bigint DEFAULT NULL,
  `created_by` varchar(255) DEFAULT NULL,
  `last_modified_by` varchar(255) DEFAULT NULL,
  PRIMARY KEY (`saved_song_id`),
  KEY `FKn1r9saspla8uc10l8wsantf8` (`member_id`),
  KEY `FKjsxjq0dljepshv79jynl8wgvf` (`song_id`),
  CONSTRAINT `FKjsxjq0dljepshv79jynl8wgvf` FOREIGN KEY (`song_id`) REFERENCES `song` (`song_id`),
  CONSTRAINT `FKn1r9saspla8uc10l8wsantf8` FOREIGN KEY (`member_id`) REFERENCES `member` (`member_id`)
) ENGINE=InnoDB AUTO_INCREMENT=2 DEFAULT CHARSET=utf8mb4 COLLATE=utf8mb4_0900_ai_ci;
/*!40101 SET character_set_client = @saved_cs_client */;

--
-- Dumping data for table `saved_song`
--

LOCK TABLES `saved_song` WRITE;
/*!40000 ALTER TABLE `saved_song` DISABLE KEYS */;
INSERT INTO `saved_song` VALUES ('2024-02-06 00:00:00.000000','2024-02-06 00:00:00.000000',1,1,1,NULL,NULL);
/*!40000 ALTER TABLE `saved_song` ENABLE KEYS */;
UNLOCK TABLES;

--
-- Table structure for table `song`
--

DROP TABLE IF EXISTS `song`;
/*!40101 SET @saved_cs_client     = @@character_set_client */;
/*!50503 SET character_set_client = utf8mb4 */;
CREATE TABLE `song` (
  `created_date` datetime(6) DEFAULT NULL,
  `last_modified_date` datetime(6) DEFAULT NULL,
  `song_id` bigint NOT NULL AUTO_INCREMENT,
  `song_range_id` bigint DEFAULT NULL,
  `artist` varchar(50) DEFAULT NULL,
  `song_title` varchar(50) DEFAULT NULL,
  `cover_img` varchar(200) DEFAULT NULL,
  `mr_url` varchar(300) DEFAULT NULL,
  `lyrics` varchar(10000) DEFAULT NULL,
  `created_by` varchar(255) DEFAULT NULL,
  `last_modified_by` varchar(255) DEFAULT NULL,
  PRIMARY KEY (`song_id`),
  UNIQUE KEY `UK_9ulmqobtffvdxg7dnlp0geps2` (`song_range_id`),
  CONSTRAINT `FKkuepl1g7x83exunffqit5nlw3` FOREIGN KEY (`song_range_id`) REFERENCES `song_range` (`song_range_id`)
) ENGINE=InnoDB AUTO_INCREMENT=201 DEFAULT CHARSET=utf8mb4 COLLATE=utf8mb4_0900_ai_ci;
/*!40101 SET character_set_client = @saved_cs_client */;

--
-- Dumping data for table `song`
--

LOCK TABLES `song` WRITE;
/*!40000 ALTER TABLE `song` DISABLE KEYS */;
INSERT INTO `song` VALUES (NULL,NULL,1,1,'','','https://diva-s3.s3.ap-northeast-2.amazonaws.com/song/-/coverImg.jpg','https://diva-s3.s3.ap-northeast-2.amazonaws.com/song/-/-_MR.mp3',NULL,NULL,NULL),(NULL,NULL,2,NULL,'','','https://diva-s3.s3.ap-northeast-2.amazonaws.com/song/-/coverImg.jpg','https://diva-s3.s3.ap-northeast-2.amazonaws.com/song/-/-_MR.mp3',NULL,NULL,NULL),(NULL,NULL,3,NULL,'(Nerd Connection)','( X (Nerd Connection))','https://diva-s3.s3.ap-northeast-2.amazonaws.com/song/(Nerd Connection)-( X (Nerd Connection))/coverImg.jpg','https://diva-s3.s3.ap-northeast-2.amazonaws.com/song/(Nerd Connection)-( X (Nerd Connection))/(Nerd Connection)-( X (Nerd Connection))_MR.mp3',NULL,NULL,NULL),(NULL,NULL,4,2,'','','https://diva-s3.s3.ap-northeast-2.amazonaws.com/song/-/coverImg.jpg','https://diva-s3.s3.ap-northeast-2.amazonaws.com/song/-/-_MR.mp3',NULL,NULL,NULL),(NULL,NULL,5,NULL,'','','https://diva-s3.s3.ap-northeast-2.amazonaws.com/song/-/coverImg.jpg','https://diva-s3.s3.ap-northeast-2.amazonaws.com/song/-/-_MR.mp3',NULL,NULL,NULL),(NULL,NULL,6,NULL,'DK()','()','https://diva-s3.s3.ap-northeast-2.amazonaws.com/song/DK()-()/coverImg.jpg','https://diva-s3.s3.ap-northeast-2.amazonaws.com/song/DK()-()/DK()-()_MR.mp3',NULL,NULL,NULL),(NULL,NULL,7,NULL,'',', ( X )','https://diva-s3.s3.ap-northeast-2.amazonaws.com/song/-, ( X )/coverImg.jpg','https://diva-s3.s3.ap-northeast-2.amazonaws.com/song/-, ( X )/-, ( X )_MR.mp3',NULL,NULL,NULL),(NULL,NULL,8,3,'izi','(OST)','https://diva-s3.s3.ap-northeast-2.amazonaws.com/song/izi-(OST)/coverImg.jpg','https://diva-s3.s3.ap-northeast-2.amazonaws.com/song/izi-(OST)/izi-(OST)_MR.mp3',NULL,NULL,NULL),(NULL,NULL,9,NULL,'QWER','Discord','https://diva-s3.s3.ap-northeast-2.amazonaws.com/song/QWER-Discord/coverImg.jpg','https://diva-s3.s3.ap-northeast-2.amazonaws.com/song/QWER-Discord/QWER-Discord_MR.mp3',NULL,NULL,NULL),(NULL,NULL,10,NULL,'MC THE MAX','','https://diva-s3.s3.ap-northeast-2.amazonaws.com/song/MC THE MAX-/coverImg.jpg','https://diva-s3.s3.ap-northeast-2.amazonaws.com/song/MC THE MAX-/MC THE MAX-_MR.mp3',NULL,NULL,NULL),(NULL,NULL,11,4,'','','https://diva-s3.s3.ap-northeast-2.amazonaws.com/song/-/coverImg.jpg','https://diva-s3.s3.ap-northeast-2.amazonaws.com/song/-/-_MR.mp3',NULL,NULL,NULL),(NULL,NULL,12,5,'','','https://diva-s3.s3.ap-northeast-2.amazonaws.com/song/-/coverImg.jpg','https://diva-s3.s3.ap-northeast-2.amazonaws.com/song/-/-_MR.mp3',NULL,NULL,NULL),(NULL,NULL,13,NULL,'','I Love You','https://diva-s3.s3.ap-northeast-2.amazonaws.com/song/-I Love You/coverImg.jpg','https://diva-s3.s3.ap-northeast-2.amazonaws.com/song/-I Love You/-I Love You_MR.mp3',NULL,NULL,NULL),(NULL,NULL,14,6,'','','https://diva-s3.s3.ap-northeast-2.amazonaws.com/song/-/coverImg.jpg','https://diva-s3.s3.ap-northeast-2.amazonaws.com/song/-/-_MR.mp3',NULL,NULL,NULL),(NULL,NULL,15,7,'','','https://diva-s3.s3.ap-northeast-2.amazonaws.com/song/-/coverImg.jpg','https://diva-s3.s3.ap-northeast-2.amazonaws.com/song/-/-_MR.mp3',NULL,NULL,NULL),(NULL,NULL,16,NULL,'','','https://diva-s3.s3.ap-northeast-2.amazonaws.com/song/-/coverImg.jpg','https://diva-s3.s3.ap-northeast-2.amazonaws.com/song/-/-_MR.mp3',NULL,NULL,NULL),(NULL,NULL,17,NULL,'(Nerd Connection)','','https://diva-s3.s3.ap-northeast-2.amazonaws.com/song/(Nerd Connection)-/coverImg.jpg','https://diva-s3.s3.ap-northeast-2.amazonaws.com/song/(Nerd Connection)-/(Nerd Connection)-_MR.mp3',NULL,NULL,NULL),(NULL,NULL,18,NULL,'(Feat.)','','https://diva-s3.s3.ap-northeast-2.amazonaws.com/song/(Feat.)-/coverImg.jpg','https://diva-s3.s3.ap-northeast-2.amazonaws.com/song/(Feat.)-/(Feat.)-_MR.mp3',NULL,NULL,NULL),(NULL,NULL,19,8,'','(OST)','https://diva-s3.s3.ap-northeast-2.amazonaws.com/song/-(OST)/coverImg.jpg','https://diva-s3.s3.ap-northeast-2.amazonaws.com/song/-(OST)/-(OST)_MR.mp3',NULL,NULL,NULL),(NULL,NULL,20,NULL,'','()','https://diva-s3.s3.ap-northeast-2.amazonaws.com/song/-()/coverImg.jpg','https://diva-s3.s3.ap-northeast-2.amazonaws.com/song/-()/-()_MR.mp3',NULL,NULL,NULL),(NULL,NULL,21,9,'','','https://diva-s3.s3.ap-northeast-2.amazonaws.com/song/-/coverImg.jpg','https://diva-s3.s3.ap-northeast-2.amazonaws.com/song/-/-_MR.mp3',NULL,NULL,NULL),(NULL,NULL,22,NULL,'','(OST)','https://diva-s3.s3.ap-northeast-2.amazonaws.com/song/-(OST)/coverImg.jpg','https://diva-s3.s3.ap-northeast-2.amazonaws.com/song/-(OST)/-(OST)_MR.mp3',NULL,NULL,NULL),(NULL,NULL,23,10,'','','https://diva-s3.s3.ap-northeast-2.amazonaws.com/song/-/coverImg.jpg','https://diva-s3.s3.ap-northeast-2.amazonaws.com/song/-/-_MR.mp3',NULL,NULL,NULL),(NULL,NULL,24,11,',','All For You(1997 OST)','https://diva-s3.s3.ap-northeast-2.amazonaws.com/song/,-All For You(1997 OST)/coverImg.jpg','https://diva-s3.s3.ap-northeast-2.amazonaws.com/song/,-All For You(1997 OST)/,-All For You(1997 OST)_MR.mp3',NULL,NULL,NULL),(NULL,NULL,25,NULL,'','','https://diva-s3.s3.ap-northeast-2.amazonaws.com/song/-/coverImg.jpg','https://diva-s3.s3.ap-northeast-2.amazonaws.com/song/-/-_MR.mp3',NULL,NULL,NULL),(NULL,NULL,26,NULL,'AKMU()','','https://diva-s3.s3.ap-northeast-2.amazonaws.com/song/AKMU()-/coverImg.jpg','https://diva-s3.s3.ap-northeast-2.amazonaws.com/song/AKMU()-/AKMU()-_MR.mp3',NULL,NULL,NULL),(NULL,NULL,27,NULL,'#(Prod.)','',NULL,'https://diva-s3.s3.ap-northeast-2.amazonaws.com/song/#(Prod.)-/#(Prod.)-_MR.mp3',NULL,NULL,NULL),(NULL,NULL,28,12,'','','https://diva-s3.s3.ap-northeast-2.amazonaws.com/song/-/coverImg.jpg','https://diva-s3.s3.ap-northeast-2.amazonaws.com/song/-/-_MR.mp3',NULL,NULL,NULL),(NULL,NULL,29,13,'','','https://diva-s3.s3.ap-northeast-2.amazonaws.com/song/-/coverImg.jpg','https://diva-s3.s3.ap-northeast-2.amazonaws.com/song/-/-_MR.mp3',NULL,NULL,NULL),(NULL,NULL,30,NULL,'(MAKTUB),','Marry Me','https://diva-s3.s3.ap-northeast-2.amazonaws.com/song/(MAKTUB),-Marry Me/coverImg.jpg','https://diva-s3.s3.ap-northeast-2.amazonaws.com/song/(MAKTUB),-Marry Me/(MAKTUB),-Marry Me_MR.mp3',NULL,NULL,NULL),(NULL,NULL,31,14,'','','https://diva-s3.s3.ap-northeast-2.amazonaws.com/song/-/coverImg.jpg','https://diva-s3.s3.ap-northeast-2.amazonaws.com/song/-/-_MR.mp3',NULL,NULL,NULL),(NULL,NULL,32,15,'','','https://diva-s3.s3.ap-northeast-2.amazonaws.com/song/-/coverImg.jpg','https://diva-s3.s3.ap-northeast-2.amazonaws.com/song/-/-_MR.mp3',NULL,NULL,NULL),(NULL,NULL,33,16,'',' 486','https://diva-s3.s3.ap-northeast-2.amazonaws.com/song/- 486/coverImg.jpg','https://diva-s3.s3.ap-northeast-2.amazonaws.com/song/- 486/- 486_MR.mp3',NULL,NULL,NULL),(NULL,NULL,34,NULL,'','Hello','https://diva-s3.s3.ap-northeast-2.amazonaws.com/song/-Hello/coverImg.jpg','https://diva-s3.s3.ap-northeast-2.amazonaws.com/song/-Hello/-Hello_MR.mp3',NULL,NULL,NULL),(NULL,NULL,35,NULL,'EXO','','https://diva-s3.s3.ap-northeast-2.amazonaws.com/song/EXO-/coverImg.jpg','https://diva-s3.s3.ap-northeast-2.amazonaws.com/song/EXO-/EXO-_MR.mp3',NULL,NULL,NULL),(NULL,NULL,36,17,'','','https://diva-s3.s3.ap-northeast-2.amazonaws.com/song/-/coverImg.jpg','https://diva-s3.s3.ap-northeast-2.amazonaws.com/song/-/-_MR.mp3',NULL,NULL,NULL),(NULL,NULL,37,NULL,'','','https://diva-s3.s3.ap-northeast-2.amazonaws.com/song/-/coverImg.jpg','https://diva-s3.s3.ap-northeast-2.amazonaws.com/song/-/-_MR.mp3',NULL,NULL,NULL),(NULL,NULL,38,18,'','','https://diva-s3.s3.ap-northeast-2.amazonaws.com/song/-/coverImg.jpg','https://diva-s3.s3.ap-northeast-2.amazonaws.com/song/-/-_MR.mp3',NULL,NULL,NULL),(NULL,NULL,39,19,'IVE()','I AM','https://diva-s3.s3.ap-northeast-2.amazonaws.com/song/IVE()-I AM/coverImg.jpg','https://diva-s3.s3.ap-northeast-2.amazonaws.com/song/IVE()-I AM/IVE()-I AM_MR.mp3',NULL,NULL,NULL),(NULL,NULL,40,20,'','(OST)','https://diva-s3.s3.ap-northeast-2.amazonaws.com/song/-(OST)/coverImg.jpg','https://diva-s3.s3.ap-northeast-2.amazonaws.com/song/-(OST)/-(OST)_MR.mp3',NULL,NULL,NULL),(NULL,NULL,41,21,'(Feat.)','','https://diva-s3.s3.ap-northeast-2.amazonaws.com/song/(Feat.)-/coverImg.jpg','https://diva-s3.s3.ap-northeast-2.amazonaws.com/song/(Feat.)-/(Feat.)-_MR.mp3',NULL,NULL,NULL),(NULL,NULL,42,22,'','','https://diva-s3.s3.ap-northeast-2.amazonaws.com/song/-/coverImg.jpg','https://diva-s3.s3.ap-northeast-2.amazonaws.com/song/-/-_MR.mp3',NULL,NULL,NULL),(NULL,NULL,43,NULL,'','','https://diva-s3.s3.ap-northeast-2.amazonaws.com/song/-/coverImg.jpg','https://diva-s3.s3.ap-northeast-2.amazonaws.com/song/-/-_MR.mp3',NULL,NULL,NULL),(NULL,NULL,44,23,'','(!2)','https://diva-s3.s3.ap-northeast-2.amazonaws.com/song/-(!2)/coverImg.jpg','https://diva-s3.s3.ap-northeast-2.amazonaws.com/song/-(!2)/-(!2)_MR.mp3',NULL,NULL,NULL),(NULL,NULL,45,NULL,'','','https://diva-s3.s3.ap-northeast-2.amazonaws.com/song/-/coverImg.jpg','https://diva-s3.s3.ap-northeast-2.amazonaws.com/song/-/-_MR.mp3',NULL,NULL,NULL),(NULL,NULL,46,24,'',', (Every Day, Every Moment)(_ OST)',NULL,'https://diva-s3.s3.ap-northeast-2.amazonaws.com/song/-, (Every Day, Every Moment)(_ OST)/-, (Every Day, Every Moment)(_ OST)_MR.mp3',NULL,NULL,NULL),(NULL,NULL,47,25,'','()','https://diva-s3.s3.ap-northeast-2.amazonaws.com/song/-()/coverImg.jpg','https://diva-s3.s3.ap-northeast-2.amazonaws.com/song/-()/-()_MR.mp3',NULL,NULL,NULL),(NULL,NULL,48,NULL,'','(OST)','https://diva-s3.s3.ap-northeast-2.amazonaws.com/song/-(OST)/coverImg.jpg','https://diva-s3.s3.ap-northeast-2.amazonaws.com/song/-(OST)/-(OST)_MR.mp3',NULL,NULL,NULL),(NULL,NULL,49,26,'10cm','','https://diva-s3.s3.ap-northeast-2.amazonaws.com/song/10cm-/coverImg.jpg','https://diva-s3.s3.ap-northeast-2.amazonaws.com/song/10cm-/10cm-_MR.mp3',NULL,NULL,NULL),(NULL,NULL,50,27,'','Honey','https://diva-s3.s3.ap-northeast-2.amazonaws.com/song/-Honey/coverImg.jpg','https://diva-s3.s3.ap-northeast-2.amazonaws.com/song/-Honey/-Honey_MR.mp3',NULL,NULL,NULL),(NULL,NULL,51,28,'','','https://diva-s3.s3.ap-northeast-2.amazonaws.com/song/-/coverImg.jpg','https://diva-s3.s3.ap-northeast-2.amazonaws.com/song/-/-_MR.mp3',NULL,NULL,NULL),(NULL,NULL,52,NULL,'(aespa)','Drama','https://diva-s3.s3.ap-northeast-2.amazonaws.com/song/(aespa)-Drama/coverImg.jpg','https://diva-s3.s3.ap-northeast-2.amazonaws.com/song/(aespa)-Drama/(aespa)-Drama_MR.mp3',NULL,NULL,NULL),(NULL,NULL,53,NULL,'','','https://diva-s3.s3.ap-northeast-2.amazonaws.com/song/-/coverImg.jpg','https://diva-s3.s3.ap-northeast-2.amazonaws.com/song/-/-_MR.mp3',NULL,NULL,NULL),(NULL,NULL,54,NULL,'','(OST)','https://diva-s3.s3.ap-northeast-2.amazonaws.com/song/-(OST)/coverImg.jpg','https://diva-s3.s3.ap-northeast-2.amazonaws.com/song/-(OST)/-(OST)_MR.mp3',NULL,NULL,NULL),(NULL,NULL,55,29,'','','https://diva-s3.s3.ap-northeast-2.amazonaws.com/song/-/coverImg.jpg','https://diva-s3.s3.ap-northeast-2.amazonaws.com/song/-/-_MR.mp3',NULL,NULL,NULL),(NULL,NULL,56,30,'','','https://diva-s3.s3.ap-northeast-2.amazonaws.com/song/-/coverImg.jpg','https://diva-s3.s3.ap-northeast-2.amazonaws.com/song/-/-_MR.mp3',NULL,NULL,NULL),(NULL,NULL,57,NULL,'','(OST)','https://diva-s3.s3.ap-northeast-2.amazonaws.com/song/-(OST)/coverImg.jpg','https://diva-s3.s3.ap-northeast-2.amazonaws.com/song/-(OST)/-(OST)_MR.mp3',NULL,NULL,NULL),(NULL,NULL,58,NULL,'()','()','https://diva-s3.s3.ap-northeast-2.amazonaws.com/song/()-()/coverImg.jpg','https://diva-s3.s3.ap-northeast-2.amazonaws.com/song/()-()/()-()_MR.mp3',NULL,NULL,NULL),(NULL,NULL,59,31,'','','https://diva-s3.s3.ap-northeast-2.amazonaws.com/song/-/coverImg.jpg','https://diva-s3.s3.ap-northeast-2.amazonaws.com/song/-/-_MR.mp3',NULL,NULL,NULL),(NULL,NULL,60,32,'','','https://diva-s3.s3.ap-northeast-2.amazonaws.com/song/-/coverImg.jpg','https://diva-s3.s3.ap-northeast-2.amazonaws.com/song/-/-_MR.mp3',NULL,NULL,NULL),(NULL,NULL,61,33,'','','https://diva-s3.s3.ap-northeast-2.amazonaws.com/song/-/coverImg.jpg','https://diva-s3.s3.ap-northeast-2.amazonaws.com/song/-/-_MR.mp3',NULL,NULL,NULL),(NULL,NULL,62,34,'','','https://diva-s3.s3.ap-northeast-2.amazonaws.com/song/-/coverImg.jpg','https://diva-s3.s3.ap-northeast-2.amazonaws.com/song/-/-_MR.mp3',NULL,NULL,NULL),(NULL,NULL,63,NULL,'()','(Queencard)','https://diva-s3.s3.ap-northeast-2.amazonaws.com/song/()-(Queencard)/coverImg.jpg','https://diva-s3.s3.ap-northeast-2.amazonaws.com/song/()-(Queencard)/()-(Queencard)_MR.mp3',NULL,NULL,NULL),(NULL,NULL,64,NULL,'','(Guilty)','https://diva-s3.s3.ap-northeast-2.amazonaws.com/song/-(Guilty)/coverImg.jpg','https://diva-s3.s3.ap-northeast-2.amazonaws.com/song/-(Guilty)/-(Guilty)_MR.mp3',NULL,NULL,NULL),(NULL,NULL,65,35,'','(OST)','https://diva-s3.s3.ap-northeast-2.amazonaws.com/song/-(OST)/coverImg.jpg','https://diva-s3.s3.ap-northeast-2.amazonaws.com/song/-(OST)/-(OST)_MR.mp3',NULL,NULL,NULL),(NULL,NULL,66,36,'','(1988 OST)','https://diva-s3.s3.ap-northeast-2.amazonaws.com/song/-(1988 OST)/coverImg.jpg','https://diva-s3.s3.ap-northeast-2.amazonaws.com/song/-(1988 OST)/-(1988 OST)_MR.mp3',NULL,NULL,NULL),(NULL,NULL,67,37,'','','https://diva-s3.s3.ap-northeast-2.amazonaws.com/song/-/coverImg.jpg','https://diva-s3.s3.ap-northeast-2.amazonaws.com/song/-/-_MR.mp3',NULL,NULL,NULL),(NULL,NULL,68,38,'','Tears','https://diva-s3.s3.ap-northeast-2.amazonaws.com/song/-Tears/coverImg.jpg','https://diva-s3.s3.ap-northeast-2.amazonaws.com/song/-Tears/-Tears_MR.mp3',NULL,NULL,NULL),(NULL,NULL,69,39,'(MAKTUB)','(The Eternal Moment)','https://diva-s3.s3.ap-northeast-2.amazonaws.com/song/(MAKTUB)-(The Eternal Moment)/coverImg.jpg','https://diva-s3.s3.ap-northeast-2.amazonaws.com/song/(MAKTUB)-(The Eternal Moment)/(MAKTUB)-(The Eternal Moment)_MR.mp3',NULL,NULL,NULL),(NULL,NULL,70,40,'','( OP)',NULL,'https://diva-s3.s3.ap-northeast-2.amazonaws.com/song/-( OP)/-( OP)_MR.mp3',NULL,NULL,NULL),(NULL,NULL,71,41,'','','https://diva-s3.s3.ap-northeast-2.amazonaws.com/song/-/coverImg.jpg','https://diva-s3.s3.ap-northeast-2.amazonaws.com/song/-/-_MR.mp3',NULL,NULL,NULL),(NULL,NULL,72,42,'10cm','','https://diva-s3.s3.ap-northeast-2.amazonaws.com/song/10cm-/coverImg.jpg','https://diva-s3.s3.ap-northeast-2.amazonaws.com/song/10cm-/10cm-_MR.mp3',NULL,NULL,NULL),(NULL,NULL,73,43,'','','https://diva-s3.s3.ap-northeast-2.amazonaws.com/song/-/coverImg.jpg','https://diva-s3.s3.ap-northeast-2.amazonaws.com/song/-/-_MR.mp3',NULL,NULL,NULL),(NULL,NULL,74,44,'','','https://diva-s3.s3.ap-northeast-2.amazonaws.com/song/-/coverImg.jpg','https://diva-s3.s3.ap-northeast-2.amazonaws.com/song/-/-_MR.mp3',NULL,NULL,NULL),(NULL,NULL,75,NULL,'tei','Monologue','https://diva-s3.s3.ap-northeast-2.amazonaws.com/song/tei-Monologue/coverImg.jpg','https://diva-s3.s3.ap-northeast-2.amazonaws.com/song/tei-Monologue/tei-Monologue_MR.mp3',NULL,NULL,NULL),(NULL,NULL,76,45,'','','https://diva-s3.s3.ap-northeast-2.amazonaws.com/song/-/coverImg.jpg','https://diva-s3.s3.ap-northeast-2.amazonaws.com/song/-/-_MR.mp3',NULL,NULL,NULL),(NULL,NULL,77,NULL,'','','https://diva-s3.s3.ap-northeast-2.amazonaws.com/song/-/coverImg.jpg','https://diva-s3.s3.ap-northeast-2.amazonaws.com/song/-/-_MR.mp3',NULL,NULL,NULL),(NULL,NULL,78,NULL,'The Nuts','','https://diva-s3.s3.ap-northeast-2.amazonaws.com/song/The Nuts-/coverImg.jpg','https://diva-s3.s3.ap-northeast-2.amazonaws.com/song/The Nuts-/The Nuts-_MR.mp3',NULL,NULL,NULL),(NULL,NULL,79,NULL,'','(OST)','https://diva-s3.s3.ap-northeast-2.amazonaws.com/song/-(OST)/coverImg.jpg','https://diva-s3.s3.ap-northeast-2.amazonaws.com/song/-(OST)/-(OST)_MR.mp3',NULL,NULL,NULL),(NULL,NULL,80,46,'',',','https://diva-s3.s3.ap-northeast-2.amazonaws.com/song/-,/coverImg.jpg','https://diva-s3.s3.ap-northeast-2.amazonaws.com/song/-,/-,_MR.mp3',NULL,NULL,NULL),(NULL,NULL,81,NULL,'','','https://diva-s3.s3.ap-northeast-2.amazonaws.com/song/-/coverImg.jpg','https://diva-s3.s3.ap-northeast-2.amazonaws.com/song/-/-_MR.mp3',NULL,NULL,NULL),(NULL,NULL,82,NULL,'','','https://diva-s3.s3.ap-northeast-2.amazonaws.com/song/-/coverImg.jpg','https://diva-s3.s3.ap-northeast-2.amazonaws.com/song/-/-_MR.mp3',NULL,NULL,NULL),(NULL,NULL,83,NULL,'',', , ','https://diva-s3.s3.ap-northeast-2.amazonaws.com/song/-, , /coverImg.jpg','https://diva-s3.s3.ap-northeast-2.amazonaws.com/song/-, , /-, , _MR.mp3',NULL,NULL,NULL),(NULL,NULL,84,NULL,'','','https://diva-s3.s3.ap-northeast-2.amazonaws.com/song/-/coverImg.jpg','https://diva-s3.s3.ap-northeast-2.amazonaws.com/song/-/-_MR.mp3',NULL,NULL,NULL),(NULL,NULL,85,47,'','','https://diva-s3.s3.ap-northeast-2.amazonaws.com/song/-/coverImg.jpg','https://diva-s3.s3.ap-northeast-2.amazonaws.com/song/-/-_MR.mp3',NULL,NULL,NULL),(NULL,NULL,86,NULL,'','','https://diva-s3.s3.ap-northeast-2.amazonaws.com/song/-/coverImg.jpg','https://diva-s3.s3.ap-northeast-2.amazonaws.com/song/-/-_MR.mp3',NULL,NULL,NULL),(NULL,NULL,87,48,'','(OST)',NULL,'https://diva-s3.s3.ap-northeast-2.amazonaws.com/song/-(OST)/-(OST)_MR.mp3',NULL,NULL,NULL),(NULL,NULL,88,NULL,'NCT DREAM','Candy','https://diva-s3.s3.ap-northeast-2.amazonaws.com/song/NCT DREAM-Candy/coverImg.jpg','https://diva-s3.s3.ap-northeast-2.amazonaws.com/song/NCT DREAM-Candy/NCT DREAM-Candy_MR.mp3',NULL,NULL,NULL),(NULL,NULL,89,49,'','','https://diva-s3.s3.ap-northeast-2.amazonaws.com/song/-/coverImg.jpg','https://diva-s3.s3.ap-northeast-2.amazonaws.com/song/-/-_MR.mp3',NULL,NULL,NULL),(NULL,NULL,90,NULL,',','(,)','https://diva-s3.s3.ap-northeast-2.amazonaws.com/song/,-(,)/coverImg.jpg','https://diva-s3.s3.ap-northeast-2.amazonaws.com/song/,-(,)/,-(,)_MR.mp3',NULL,NULL,NULL),(NULL,NULL,91,50,'','8282','https://diva-s3.s3.ap-northeast-2.amazonaws.com/song/-8282/coverImg.jpg','https://diva-s3.s3.ap-northeast-2.amazonaws.com/song/-8282/-8282_MR.mp3',NULL,NULL,NULL),(NULL,NULL,92,NULL,'','','https://diva-s3.s3.ap-northeast-2.amazonaws.com/song/-/coverImg.jpg','https://diva-s3.s3.ap-northeast-2.amazonaws.com/song/-/-_MR.mp3',NULL,NULL,NULL),(NULL,NULL,93,NULL,'','','https://diva-s3.s3.ap-northeast-2.amazonaws.com/song/-/coverImg.jpg','https://diva-s3.s3.ap-northeast-2.amazonaws.com/song/-/-_MR.mp3',NULL,NULL,NULL),(NULL,NULL,94,51,'','Tears','https://diva-s3.s3.ap-northeast-2.amazonaws.com/song/-Tears/coverImg.jpg','https://diva-s3.s3.ap-northeast-2.amazonaws.com/song/-Tears/-Tears_MR.mp3',NULL,NULL,NULL),(NULL,NULL,95,52,'(Prod.2soo)','','https://diva-s3.s3.ap-northeast-2.amazonaws.com/song/(Prod.2soo)-/coverImg.jpg','https://diva-s3.s3.ap-northeast-2.amazonaws.com/song/(Prod.2soo)-/(Prod.2soo)-_MR.mp3',NULL,NULL,NULL),(NULL,NULL,96,NULL,'','','https://diva-s3.s3.ap-northeast-2.amazonaws.com/song/-/coverImg.jpg','https://diva-s3.s3.ap-northeast-2.amazonaws.com/song/-/-_MR.mp3',NULL,NULL,NULL),(NULL,NULL,97,53,'','(OST)','https://diva-s3.s3.ap-northeast-2.amazonaws.com/song/-(OST)/coverImg.jpg','https://diva-s3.s3.ap-northeast-2.amazonaws.com/song/-(OST)/-(OST)_MR.mp3',NULL,NULL,NULL),(NULL,NULL,98,54,'','','https://diva-s3.s3.ap-northeast-2.amazonaws.com/song/-/coverImg.jpg','https://diva-s3.s3.ap-northeast-2.amazonaws.com/song/-/-_MR.mp3',NULL,NULL,NULL),(NULL,NULL,99,NULL,'','','https://diva-s3.s3.ap-northeast-2.amazonaws.com/song/-/coverImg.jpg','https://diva-s3.s3.ap-northeast-2.amazonaws.com/song/-/-_MR.mp3',NULL,NULL,NULL),(NULL,NULL,100,55,'MC THE MAX','One Love','https://diva-s3.s3.ap-northeast-2.amazonaws.com/song/MC THE MAX-One Love/coverImg.jpg','https://diva-s3.s3.ap-northeast-2.amazonaws.com/song/MC THE MAX-One Love/MC THE MAX-One Love_MR.mp3',NULL,NULL,NULL),(NULL,NULL,101,56,'Idina Menzel','Let It Go(Frozen() OST)','https://diva-s3.s3.ap-northeast-2.amazonaws.com/song/Idina Menzel-Let It Go(Frozen() OST)/coverImg.jpg','https://diva-s3.s3.ap-northeast-2.amazonaws.com/song/Idina Menzel-Let It Go(Frozen() OST)/Idina Menzel-Let It Go(Frozen() OST)_MR.mp3',NULL,NULL,NULL),(NULL,NULL,102,57,'Sia','Snowman','https://diva-s3.s3.ap-northeast-2.amazonaws.com/song/Sia-Snowman/coverImg.jpg','https://diva-s3.s3.ap-northeast-2.amazonaws.com/song/Sia-Snowman/Sia-Snowman_MR.mp3',NULL,NULL,NULL),(NULL,NULL,103,58,'Zac Efron,Zendaya','Rewrite The Stars(The Greatest Showman OST)','https://diva-s3.s3.ap-northeast-2.amazonaws.com/song/Zac Efron,Zendaya-Rewrite The Stars(The Greatest Showman OST)/coverImg.jpg','https://diva-s3.s3.ap-northeast-2.amazonaws.com/song/Zac Efron,Zendaya-Rewrite The Stars(The Greatest Showman OST)/Zac Efron,Zendaya-Rewrite The Stars(The Greatest Showman OST)_MR.mp3',NULL,NULL,NULL),(NULL,NULL,104,59,'Sam Smith','I\'m Not The Only One','https://diva-s3.s3.ap-northeast-2.amazonaws.com/song/Sam Smith-I\'m Not The Only One/coverImg.jpg','https://diva-s3.s3.ap-northeast-2.amazonaws.com/song/Sam Smith-I\'m Not The Only One/Sam Smith-I\'m Not The Only One_MR.mp3',NULL,NULL,NULL),(NULL,NULL,105,60,'Kristen Bell,Santino Fontana','Love Is An Open Door(Frozen() OST)','https://diva-s3.s3.ap-northeast-2.amazonaws.com/song/Kristen Bell,Santino Fontana-Love Is An Open Door(Frozen() OST)/coverImg.jpg','https://diva-s3.s3.ap-northeast-2.amazonaws.com/song/Kristen Bell,Santino Fontana-Love Is An Open Door(Frozen() OST)/Kristen Bell,Santino Fontana-Love Is An Open Door(Frozen() OST)_MR.mp3',NULL,NULL,NULL),(NULL,NULL,106,61,'Naomi Scott','Speechless(Aladdin OST)','https://diva-s3.s3.ap-northeast-2.amazonaws.com/song/Naomi Scott-Speechless(Aladdin OST)/coverImg.jpg','https://diva-s3.s3.ap-northeast-2.amazonaws.com/song/Naomi Scott-Speechless(Aladdin OST)/Naomi Scott-Speechless(Aladdin OST)_MR.mp3',NULL,NULL,NULL),(NULL,NULL,107,62,'Anne-Marie','2002','https://diva-s3.s3.ap-northeast-2.amazonaws.com/song/Anne-Marie-2002/coverImg.jpg','https://diva-s3.s3.ap-northeast-2.amazonaws.com/song/Anne-Marie-2002/Anne-Marie-2002_MR.mp3',NULL,NULL,NULL),(NULL,NULL,108,63,'Justin Bieber','Love Yourself','https://diva-s3.s3.ap-northeast-2.amazonaws.com/song/Justin Bieber-Love Yourself/coverImg.jpg','https://diva-s3.s3.ap-northeast-2.amazonaws.com/song/Justin Bieber-Love Yourself/Justin Bieber-Love Yourself_MR.mp3',NULL,NULL,NULL),(NULL,NULL,109,64,'Adele','Rolling In The Deep','https://diva-s3.s3.ap-northeast-2.amazonaws.com/song/Adele-Rolling In The Deep/coverImg.jpg','https://diva-s3.s3.ap-northeast-2.amazonaws.com/song/Adele-Rolling In The Deep/Adele-Rolling In The Deep_MR.mp3',NULL,NULL,NULL),(NULL,NULL,110,65,'Idina Menzel,Aurora','Into the Unknown(Frozen2(2) OST)',NULL,'https://diva-s3.s3.ap-northeast-2.amazonaws.com/song/Idina Menzel,Aurora-Into the Unknown(Frozen2(2) OST)/Idina Menzel,Aurora-Into the Unknown(Frozen2(2) OST)_MR.mp3',NULL,NULL,NULL),(NULL,NULL,111,66,'Charlie Puth','Dangerously','https://diva-s3.s3.ap-northeast-2.amazonaws.com/song/Charlie Puth-Dangerously/coverImg.jpg','https://diva-s3.s3.ap-northeast-2.amazonaws.com/song/Charlie Puth-Dangerously/Charlie Puth-Dangerously_MR.mp3',NULL,NULL,NULL),(NULL,NULL,112,67,'Radiohead','Creep','https://diva-s3.s3.ap-northeast-2.amazonaws.com/song/Radiohead-Creep/coverImg.jpg','https://diva-s3.s3.ap-northeast-2.amazonaws.com/song/Radiohead-Creep/Radiohead-Creep_MR.mp3',NULL,NULL,NULL),(NULL,NULL,113,68,'Tones And I','Dance Monkey','https://diva-s3.s3.ap-northeast-2.amazonaws.com/song/Tones And I-Dance Monkey/coverImg.jpg','https://diva-s3.s3.ap-northeast-2.amazonaws.com/song/Tones And I-Dance Monkey/Tones And I-Dance Monkey_MR.mp3',NULL,NULL,NULL),(NULL,NULL,114,69,'Bruno Mars','When I Was Your Man','https://diva-s3.s3.ap-northeast-2.amazonaws.com/song/Bruno Mars-When I Was Your Man/coverImg.jpg','https://diva-s3.s3.ap-northeast-2.amazonaws.com/song/Bruno Mars-When I Was Your Man/Bruno Mars-When I Was Your Man_MR.mp3',NULL,NULL,NULL),(NULL,NULL,115,70,'Oasis','Don\'t look back in anger','https://diva-s3.s3.ap-northeast-2.amazonaws.com/song/Oasis-Don\'t look back in anger/coverImg.jpg','https://diva-s3.s3.ap-northeast-2.amazonaws.com/song/Oasis-Don\'t look back in anger/Oasis-Don\'t look back in anger_MR.mp3',NULL,NULL,NULL),(NULL,NULL,116,71,'Steelheart','She\'s Gone','https://diva-s3.s3.ap-northeast-2.amazonaws.com/song/Steelheart-She\'s Gone/coverImg.jpg','https://diva-s3.s3.ap-northeast-2.amazonaws.com/song/Steelheart-She\'s Gone/Steelheart-She\'s Gone_MR.mp3',NULL,NULL,NULL),(NULL,NULL,117,72,'Charlie Puth','One Call Away','https://diva-s3.s3.ap-northeast-2.amazonaws.com/song/Charlie Puth-One Call Away/coverImg.jpg','https://diva-s3.s3.ap-northeast-2.amazonaws.com/song/Charlie Puth-One Call Away/Charlie Puth-One Call Away_MR.mp3',NULL,NULL,NULL),(NULL,NULL,118,NULL,'Fool\'s Garden','Lemon tree','https://diva-s3.s3.ap-northeast-2.amazonaws.com/song/Fool\'s Garden-Lemon tree/coverImg.jpg','https://diva-s3.s3.ap-northeast-2.amazonaws.com/song/Fool\'s Garden-Lemon tree/Fool\'s Garden-Lemon tree_MR.mp3',NULL,NULL,NULL),(NULL,NULL,119,73,'Adele','Someone Like You','https://diva-s3.s3.ap-northeast-2.amazonaws.com/song/Adele-Someone Like You/coverImg.jpg','https://diva-s3.s3.ap-northeast-2.amazonaws.com/song/Adele-Someone Like You/Adele-Someone Like You_MR.mp3',NULL,NULL,NULL),(NULL,NULL,120,74,'Adam Levine','Lost Stars(Begin Again OST)','https://diva-s3.s3.ap-northeast-2.amazonaws.com/song/Adam Levine-Lost Stars(Begin Again OST)/coverImg.jpg','https://diva-s3.s3.ap-northeast-2.amazonaws.com/song/Adam Levine-Lost Stars(Begin Again OST)/Adam Levine-Lost Stars(Begin Again OST)_MR.mp3',NULL,NULL,NULL),(NULL,NULL,121,75,'Regina and Peabo','A Whole New World(Aladdin OST)','https://diva-s3.s3.ap-northeast-2.amazonaws.com/song/Regina and Peabo-A Whole New World(Aladdin OST)/coverImg.jpg','https://diva-s3.s3.ap-northeast-2.amazonaws.com/song/Regina and Peabo-A Whole New World(Aladdin OST)/Regina and Peabo-A Whole New World(Aladdin OST)_MR.mp3',NULL,NULL,NULL),(NULL,NULL,122,76,'Mariah Carey','All I Want For Christmas Is You','https://diva-s3.s3.ap-northeast-2.amazonaws.com/song/Mariah Carey-All I Want For Christmas Is You/coverImg.jpg','https://diva-s3.s3.ap-northeast-2.amazonaws.com/song/Mariah Carey-All I Want For Christmas Is You/Mariah Carey-All I Want For Christmas Is You_MR.mp3',NULL,NULL,NULL),(NULL,NULL,123,77,'Stephen Sanchez','Until I Found You','https://diva-s3.s3.ap-northeast-2.amazonaws.com/song/Stephen Sanchez-Until I Found You/coverImg.jpg','https://diva-s3.s3.ap-northeast-2.amazonaws.com/song/Stephen Sanchez-Until I Found You/Stephen Sanchez-Until I Found You_MR.mp3',NULL,NULL,NULL),(NULL,NULL,124,78,'Imagine Dragons','Believer','https://diva-s3.s3.ap-northeast-2.amazonaws.com/song/Imagine Dragons-Believer/coverImg.jpg','https://diva-s3.s3.ap-northeast-2.amazonaws.com/song/Imagine Dragons-Believer/Imagine Dragons-Believer_MR.mp3',NULL,NULL,NULL),(NULL,NULL,125,79,'Coldplay','Viva La Vida','https://diva-s3.s3.ap-northeast-2.amazonaws.com/song/Coldplay-Viva La Vida/coverImg.jpg','https://diva-s3.s3.ap-northeast-2.amazonaws.com/song/Coldplay-Viva La Vida/Coldplay-Viva La Vida_MR.mp3',NULL,NULL,NULL),(NULL,NULL,126,NULL,'Christopher','Bad','https://diva-s3.s3.ap-northeast-2.amazonaws.com/song/Christopher-Bad/coverImg.jpg','https://diva-s3.s3.ap-northeast-2.amazonaws.com/song/Christopher-Bad/Christopher-Bad_MR.mp3',NULL,NULL,NULL),(NULL,NULL,127,80,'Queen','Bohemian rhapsody','https://diva-s3.s3.ap-northeast-2.amazonaws.com/song/Queen-Bohemian rhapsody/coverImg.jpg','https://diva-s3.s3.ap-northeast-2.amazonaws.com/song/Queen-Bohemian rhapsody/Queen-Bohemian rhapsody_MR.mp3',NULL,NULL,NULL),(NULL,NULL,128,81,'Ariana Grande','Santa Tell Me','https://diva-s3.s3.ap-northeast-2.amazonaws.com/song/Ariana Grande-Santa Tell Me/coverImg.jpg','https://diva-s3.s3.ap-northeast-2.amazonaws.com/song/Ariana Grande-Santa Tell Me/Ariana Grande-Santa Tell Me_MR.mp3',NULL,NULL,NULL),(NULL,NULL,129,82,'Justin Bieber','Off My Face','https://diva-s3.s3.ap-northeast-2.amazonaws.com/song/Justin Bieber-Off My Face/coverImg.jpg','https://diva-s3.s3.ap-northeast-2.amazonaws.com/song/Justin Bieber-Off My Face/Justin Bieber-Off My Face_MR.mp3',NULL,NULL,NULL),(NULL,NULL,130,83,'Ed Sheeran','Shape Of You','https://diva-s3.s3.ap-northeast-2.amazonaws.com/song/Ed Sheeran-Shape Of You/coverImg.jpg','https://diva-s3.s3.ap-northeast-2.amazonaws.com/song/Ed Sheeran-Shape Of You/Ed Sheeran-Shape Of You_MR.mp3',NULL,NULL,NULL),(NULL,NULL,131,84,'Carly Rae Jepsen','Call Me Maybe','https://diva-s3.s3.ap-northeast-2.amazonaws.com/song/Carly Rae Jepsen-Call Me Maybe/coverImg.jpg','https://diva-s3.s3.ap-northeast-2.amazonaws.com/song/Carly Rae Jepsen-Call Me Maybe/Carly Rae Jepsen-Call Me Maybe_MR.mp3',NULL,NULL,NULL),(NULL,NULL,132,85,'Wiz Khalifa,Charlie Puth','See You Again()','https://diva-s3.s3.ap-northeast-2.amazonaws.com/song/Wiz Khalifa,Charlie Puth-See You Again()/coverImg.jpg','https://diva-s3.s3.ap-northeast-2.amazonaws.com/song/Wiz Khalifa,Charlie Puth-See You Again()/Wiz Khalifa,Charlie Puth-See You Again()_MR.mp3',NULL,NULL,NULL),(NULL,NULL,133,86,'Various Artists','This Is Me(The Greatest Showman OST)',NULL,'https://diva-s3.s3.ap-northeast-2.amazonaws.com/song/Various Artists-This Is Me(The Greatest Showman OST)/Various Artists-This Is Me(The Greatest Showman OST)_MR.mp3',NULL,NULL,NULL),(NULL,NULL,134,87,'Sia','Chandelier','https://diva-s3.s3.ap-northeast-2.amazonaws.com/song/Sia-Chandelier/coverImg.jpg','https://diva-s3.s3.ap-northeast-2.amazonaws.com/song/Sia-Chandelier/Sia-Chandelier_MR.mp3',NULL,NULL,NULL),(NULL,NULL,135,88,'Dan+Shay,Justin Bieber','10,000 Hours','https://diva-s3.s3.ap-northeast-2.amazonaws.com/song/Dan+Shay,Justin Bieber-10,000 Hours/coverImg.jpg','https://diva-s3.s3.ap-northeast-2.amazonaws.com/song/Dan+Shay,Justin Bieber-10,000 Hours/Dan+Shay,Justin Bieber-10,000 Hours_MR.mp3',NULL,NULL,NULL),(NULL,NULL,136,NULL,'Sam Smith,Kim Petras','Unholy','https://diva-s3.s3.ap-northeast-2.amazonaws.com/song/Sam Smith,Kim Petras-Unholy/coverImg.jpg','https://diva-s3.s3.ap-northeast-2.amazonaws.com/song/Sam Smith,Kim Petras-Unholy/Sam Smith,Kim Petras-Unholy_MR.mp3',NULL,NULL,NULL),(NULL,NULL,137,89,'Ed Sheeran','Perfect','https://diva-s3.s3.ap-northeast-2.amazonaws.com/song/Ed Sheeran-Perfect/coverImg.jpg','https://diva-s3.s3.ap-northeast-2.amazonaws.com/song/Ed Sheeran-Perfect/Ed Sheeran-Perfect_MR.mp3',NULL,NULL,NULL),(NULL,NULL,138,90,'Ruel','Painkiller','https://diva-s3.s3.ap-northeast-2.amazonaws.com/song/Ruel-Painkiller/coverImg.jpg','https://diva-s3.s3.ap-northeast-2.amazonaws.com/song/Ruel-Painkiller/Ruel-Painkiller_MR.mp3',NULL,NULL,NULL),(NULL,NULL,139,91,'One Direction','What Makes You Beautiful','https://diva-s3.s3.ap-northeast-2.amazonaws.com/song/One Direction-What Makes You Beautiful/coverImg.jpg','https://diva-s3.s3.ap-northeast-2.amazonaws.com/song/One Direction-What Makes You Beautiful/One Direction-What Makes You Beautiful_MR.mp3',NULL,NULL,NULL),(NULL,NULL,140,92,'Alessia Cara','How Far I\'ll Go(Moana OST)','https://diva-s3.s3.ap-northeast-2.amazonaws.com/song/Alessia Cara-How Far I\'ll Go(Moana OST)/coverImg.jpg','https://diva-s3.s3.ap-northeast-2.amazonaws.com/song/Alessia Cara-How Far I\'ll Go(Moana OST)/Alessia Cara-How Far I\'ll Go(Moana OST)_MR.mp3',NULL,NULL,NULL),(NULL,NULL,141,93,'Benson Boone','GHOST TOWN','https://diva-s3.s3.ap-northeast-2.amazonaws.com/song/Benson Boone-GHOST TOWN/coverImg.jpg','https://diva-s3.s3.ap-northeast-2.amazonaws.com/song/Benson Boone-GHOST TOWN/Benson Boone-GHOST TOWN_MR.mp3',NULL,NULL,NULL),(NULL,NULL,142,94,'Maroon 5','Sugar','https://diva-s3.s3.ap-northeast-2.amazonaws.com/song/Maroon 5-Sugar/coverImg.jpg','https://diva-s3.s3.ap-northeast-2.amazonaws.com/song/Maroon 5-Sugar/Maroon 5-Sugar_MR.mp3',NULL,NULL,NULL),(NULL,NULL,143,95,'Maroon 5(Feat.Wiz Khalifa)','Payphone','https://diva-s3.s3.ap-northeast-2.amazonaws.com/song/Maroon 5(Feat.Wiz Khalifa)-Payphone/coverImg.jpg','https://diva-s3.s3.ap-northeast-2.amazonaws.com/song/Maroon 5(Feat.Wiz Khalifa)-Payphone/Maroon 5(Feat.Wiz Khalifa)-Payphone_MR.mp3',NULL,NULL,NULL),(NULL,NULL,144,96,'Adele','When We Were Young','https://diva-s3.s3.ap-northeast-2.amazonaws.com/song/Adele-When We Were Young/coverImg.jpg','https://diva-s3.s3.ap-northeast-2.amazonaws.com/song/Adele-When We Were Young/Adele-When We Were Young_MR.mp3',NULL,NULL,NULL),(NULL,NULL,145,97,'The Kid LAROI,Justin Bieber','Stay','https://diva-s3.s3.ap-northeast-2.amazonaws.com/song/The Kid LAROI,Justin Bieber-Stay/coverImg.jpg','https://diva-s3.s3.ap-northeast-2.amazonaws.com/song/The Kid LAROI,Justin Bieber-Stay/The Kid LAROI,Justin Bieber-Stay_MR.mp3',NULL,NULL,NULL),(NULL,NULL,146,98,'Justin Bieber','Baby','https://diva-s3.s3.ap-northeast-2.amazonaws.com/song/Justin Bieber-Baby/coverImg.jpg','https://diva-s3.s3.ap-northeast-2.amazonaws.com/song/Justin Bieber-Baby/Justin Bieber-Baby_MR.mp3',NULL,NULL,NULL),(NULL,NULL,147,99,'Shawn Mendes','There\'s Nothing Holdin\' Me Back','https://diva-s3.s3.ap-northeast-2.amazonaws.com/song/Shawn Mendes-There\'s Nothing Holdin\' Me Back/coverImg.jpg','https://diva-s3.s3.ap-northeast-2.amazonaws.com/song/Shawn Mendes-There\'s Nothing Holdin\' Me Back/Shawn Mendes-There\'s Nothing Holdin\' Me Back_MR.mp3',NULL,NULL,NULL),(NULL,NULL,148,100,'Mena Massoud,Naomi Scott','A Whole New World(Aladdin OST)',NULL,'https://diva-s3.s3.ap-northeast-2.amazonaws.com/song/Mena Massoud,Naomi Scott-A Whole New World(Aladdin OST)/Mena Massoud,Naomi Scott-A Whole New World(Aladdin OST)_MR.mp3',NULL,NULL,NULL),(NULL,NULL,149,101,'Against The Current','Legends Never Die(League of Legends)','https://diva-s3.s3.ap-northeast-2.amazonaws.com/song/Against The Current-Legends Never Die(League of Legends)/coverImg.jpg','https://diva-s3.s3.ap-northeast-2.amazonaws.com/song/Against The Current-Legends Never Die(League of Legends)/Against The Current-Legends Never Die(League of Legends)_MR.mp3',NULL,NULL,NULL),(NULL,NULL,150,102,'Panic! At The Disco','High Hopes','https://diva-s3.s3.ap-northeast-2.amazonaws.com/song/Panic! At The Disco-High Hopes/coverImg.jpg','https://diva-s3.s3.ap-northeast-2.amazonaws.com/song/Panic! At The Disco-High Hopes/Panic! At The Disco-High Hopes_MR.mp3',NULL,NULL,NULL),(NULL,NULL,151,103,'Taylor Swift','Cruel Summer','https://diva-s3.s3.ap-northeast-2.amazonaws.com/song/Taylor Swift-Cruel Summer/coverImg.jpg','https://diva-s3.s3.ap-northeast-2.amazonaws.com/song/Taylor Swift-Cruel Summer/Taylor Swift-Cruel Summer_MR.mp3',NULL,NULL,NULL),(NULL,NULL,152,104,'Celine Dion','My Heart Will Go On','https://diva-s3.s3.ap-northeast-2.amazonaws.com/song/Celine Dion-My Heart Will Go On/coverImg.jpg','https://diva-s3.s3.ap-northeast-2.amazonaws.com/song/Celine Dion-My Heart Will Go On/Celine Dion-My Heart Will Go On_MR.mp3',NULL,NULL,NULL),(NULL,NULL,153,105,'Lil Nas X','STAR WALKIN\'(League of Legends Worlds Anthem)','https://diva-s3.s3.ap-northeast-2.amazonaws.com/song/Lil Nas X-STAR WALKIN\'(League of Legends Worlds Anthem)/coverImg.jpg','https://diva-s3.s3.ap-northeast-2.amazonaws.com/song/Lil Nas X-STAR WALKIN\'(League of Legends Worlds Anthem)/Lil Nas X-STAR WALKIN\'(League of Legends Worlds Anthem)_MR.mp3',NULL,NULL,NULL),(NULL,NULL,154,106,'Jason Mraz','I\'m Yours','https://diva-s3.s3.ap-northeast-2.amazonaws.com/song/Jason Mraz-I\'m Yours/coverImg.jpg','https://diva-s3.s3.ap-northeast-2.amazonaws.com/song/Jason Mraz-I\'m Yours/Jason Mraz-I\'m Yours_MR.mp3',NULL,NULL,NULL),(NULL,NULL,155,107,'Ariana Grande','Last Christmas','https://diva-s3.s3.ap-northeast-2.amazonaws.com/song/Ariana Grande-Last Christmas/coverImg.jpg','https://diva-s3.s3.ap-northeast-2.amazonaws.com/song/Ariana Grande-Last Christmas/Ariana Grande-Last Christmas_MR.mp3',NULL,NULL,NULL),(NULL,NULL,156,108,'Beyonce','Halo','https://diva-s3.s3.ap-northeast-2.amazonaws.com/song/Beyonce-Halo/coverImg.jpg','https://diva-s3.s3.ap-northeast-2.amazonaws.com/song/Beyonce-Halo/Beyonce-Halo_MR.mp3',NULL,NULL,NULL),(NULL,NULL,157,109,'Alicia Keys','If I Ain\'t Got You','https://diva-s3.s3.ap-northeast-2.amazonaws.com/song/Alicia Keys-If I Ain\'t Got You/coverImg.jpg','https://diva-s3.s3.ap-northeast-2.amazonaws.com/song/Alicia Keys-If I Ain\'t Got You/Alicia Keys-If I Ain\'t Got You_MR.mp3',NULL,NULL,NULL),(NULL,NULL,158,110,'Keyshia Cole','Love','https://diva-s3.s3.ap-northeast-2.amazonaws.com/song/Keyshia Cole-Love/coverImg.jpg','https://diva-s3.s3.ap-northeast-2.amazonaws.com/song/Keyshia Cole-Love/Keyshia Cole-Love_MR.mp3',NULL,NULL,NULL),(NULL,NULL,159,111,'Jodi Benson','Part of your world(The little mermaid OST)',NULL,'https://diva-s3.s3.ap-northeast-2.amazonaws.com/song/Jodi Benson-Part of your world(The little mermaid OST)/Jodi Benson-Part of your world(The little mermaid OST)_MR.mp3',NULL,NULL,NULL),(NULL,NULL,160,112,'Kristen Bell,Idina Menzel','For The First Time In Forever(Frozen() OST)','https://diva-s3.s3.ap-northeast-2.amazonaws.com/song/Kristen Bell,Idina Menzel-For The First Time In Forever(Frozen() OST)/coverImg.jpg','https://diva-s3.s3.ap-northeast-2.amazonaws.com/song/Kristen Bell,Idina Menzel-For The First Time In Forever(Frozen() OST)/Kristen Bell,Idina Menzel-For The First Time In Forever(Frozen() OST)_MR.mp3',NULL,NULL,NULL),(NULL,NULL,161,113,'Adele','Hello','https://diva-s3.s3.ap-northeast-2.amazonaws.com/song/Adele-Hello/coverImg.jpg','https://diva-s3.s3.ap-northeast-2.amazonaws.com/song/Adele-Hello/Adele-Hello_MR.mp3',NULL,NULL,NULL),(NULL,NULL,162,114,'John Legend','All Of Me','https://diva-s3.s3.ap-northeast-2.amazonaws.com/song/John Legend-All Of Me/coverImg.jpg','https://diva-s3.s3.ap-northeast-2.amazonaws.com/song/John Legend-All Of Me/John Legend-All Of Me_MR.mp3',NULL,NULL,NULL),(NULL,NULL,163,NULL,'Charlie Puth','I Don\'t Think That I Like Her','https://diva-s3.s3.ap-northeast-2.amazonaws.com/song/Charlie Puth-I Don\'t Think That I Like Her/coverImg.jpg','https://diva-s3.s3.ap-northeast-2.amazonaws.com/song/Charlie Puth-I Don\'t Think That I Like Her/Charlie Puth-I Don\'t Think That I Like Her_MR.mp3',NULL,NULL,NULL),(NULL,NULL,164,115,'Imagine Dragons','Warriors','https://diva-s3.s3.ap-northeast-2.amazonaws.com/song/Imagine Dragons-Warriors/coverImg.jpg','https://diva-s3.s3.ap-northeast-2.amazonaws.com/song/Imagine Dragons-Warriors/Imagine Dragons-Warriors_MR.mp3',NULL,NULL,NULL),(NULL,NULL,165,116,'Idina Menzel','Let It Go(Frozen() OST)','https://diva-s3.s3.ap-northeast-2.amazonaws.com/song/Idina Menzel-Let It Go(Frozen() OST)/coverImg.jpg','https://diva-s3.s3.ap-northeast-2.amazonaws.com/song/Idina Menzel-Let It Go(Frozen() OST)/Idina Menzel-Let It Go(Frozen() OST)_MR.mp3',NULL,NULL,NULL),(NULL,NULL,166,117,'Sam Smith(Feat.John Legend)','Lay Me Down','https://diva-s3.s3.ap-northeast-2.amazonaws.com/song/Sam Smith(Feat.John Legend)-Lay Me Down/coverImg.jpg','https://diva-s3.s3.ap-northeast-2.amazonaws.com/song/Sam Smith(Feat.John Legend)-Lay Me Down/Sam Smith(Feat.John Legend)-Lay Me Down_MR.mp3',NULL,NULL,NULL),(NULL,NULL,167,118,'Gayle','abcdefu','https://diva-s3.s3.ap-northeast-2.amazonaws.com/song/Gayle-abcdefu/coverImg.jpg','https://diva-s3.s3.ap-northeast-2.amazonaws.com/song/Gayle-abcdefu/Gayle-abcdefu_MR.mp3',NULL,NULL,NULL),(NULL,NULL,168,119,'Taylor Swift','Love story','https://diva-s3.s3.ap-northeast-2.amazonaws.com/song/Taylor Swift-Love story/coverImg.jpg','https://diva-s3.s3.ap-northeast-2.amazonaws.com/song/Taylor Swift-Love story/Taylor Swift-Love story_MR.mp3',NULL,NULL,NULL),(NULL,NULL,169,120,'Beyonce','Love On Top','https://diva-s3.s3.ap-northeast-2.amazonaws.com/song/Beyonce-Love On Top/coverImg.jpg','https://diva-s3.s3.ap-northeast-2.amazonaws.com/song/Beyonce-Love On Top/Beyonce-Love On Top_MR.mp3',NULL,NULL,NULL),(NULL,NULL,170,121,'OneRepublic','Counting Stars','https://diva-s3.s3.ap-northeast-2.amazonaws.com/song/OneRepublic-Counting Stars/coverImg.jpg','https://diva-s3.s3.ap-northeast-2.amazonaws.com/song/OneRepublic-Counting Stars/OneRepublic-Counting Stars_MR.mp3',NULL,NULL,NULL),(NULL,NULL,171,122,'Luis Fonsi(Feat.Daddy Yankee)','Despacito','https://diva-s3.s3.ap-northeast-2.amazonaws.com/song/Luis Fonsi(Feat.Daddy Yankee)-Despacito/coverImg.jpg','https://diva-s3.s3.ap-northeast-2.amazonaws.com/song/Luis Fonsi(Feat.Daddy Yankee)-Despacito/Luis Fonsi(Feat.Daddy Yankee)-Despacito_MR.mp3',NULL,NULL,NULL),(NULL,NULL,172,123,'Lewis Capaldi','Someone You Loved','https://diva-s3.s3.ap-northeast-2.amazonaws.com/song/Lewis Capaldi-Someone You Loved/coverImg.jpg','https://diva-s3.s3.ap-northeast-2.amazonaws.com/song/Lewis Capaldi-Someone You Loved/Lewis Capaldi-Someone You Loved_MR.mp3',NULL,NULL,NULL),(NULL,NULL,173,124,'Post Malone','Circles','https://diva-s3.s3.ap-northeast-2.amazonaws.com/song/Post Malone-Circles/coverImg.jpg','https://diva-s3.s3.ap-northeast-2.amazonaws.com/song/Post Malone-Circles/Post Malone-Circles_MR.mp3',NULL,NULL,NULL),(NULL,NULL,174,125,'Bill Withers','Just the two of us','https://diva-s3.s3.ap-northeast-2.amazonaws.com/song/Bill Withers-Just the two of us/coverImg.jpg','https://diva-s3.s3.ap-northeast-2.amazonaws.com/song/Bill Withers-Just the two of us/Bill Withers-Just the two of us_MR.mp3',NULL,NULL,NULL),(NULL,NULL,175,NULL,'Etham','12_45(Stripped)','https://diva-s3.s3.ap-northeast-2.amazonaws.com/song/Etham-12_45(Stripped)/coverImg.jpg','https://diva-s3.s3.ap-northeast-2.amazonaws.com/song/Etham-12_45(Stripped)/Etham-12_45(Stripped)_MR.mp3',NULL,NULL,NULL),(NULL,NULL,176,126,'Lady Gaga,Bradley Cooper','Shallow(A Star Is Born OST)','https://diva-s3.s3.ap-northeast-2.amazonaws.com/song/Lady Gaga,Bradley Cooper-Shallow(A Star Is Born OST)/coverImg.jpg','https://diva-s3.s3.ap-northeast-2.amazonaws.com/song/Lady Gaga,Bradley Cooper-Shallow(A Star Is Born OST)/Lady Gaga,Bradley Cooper-Shallow(A Star Is Born OST)_MR.mp3',NULL,NULL,NULL),(NULL,NULL,177,127,'Glen Hansard & Marketa Irglova','Falling Slowly(Once OST)','https://diva-s3.s3.ap-northeast-2.amazonaws.com/song/Glen Hansard & Marketa Irglova-Falling Slowly(Once OST)/coverImg.jpg','https://diva-s3.s3.ap-northeast-2.amazonaws.com/song/Glen Hansard & Marketa Irglova-Falling Slowly(Once OST)/Glen Hansard & Marketa Irglova-Falling Slowly(Once OST)_MR.mp3',NULL,NULL,NULL),(NULL,NULL,178,128,'Lil Nas X(Feat. Billy Ray Cyrus)','Old Town Road','https://diva-s3.s3.ap-northeast-2.amazonaws.com/song/Lil Nas X(Feat. Billy Ray Cyrus)-Old Town Road/coverImg.jpg','https://diva-s3.s3.ap-northeast-2.amazonaws.com/song/Lil Nas X(Feat. Billy Ray Cyrus)-Old Town Road/Lil Nas X(Feat. Billy Ray Cyrus)-Old Town Road_MR.mp3',NULL,NULL,NULL),(NULL,NULL,179,129,'Westlife','My Love','https://diva-s3.s3.ap-northeast-2.amazonaws.com/song/Westlife-My Love/coverImg.jpg','https://diva-s3.s3.ap-northeast-2.amazonaws.com/song/Westlife-My Love/Westlife-My Love_MR.mp3',NULL,NULL,NULL),(NULL,NULL,180,130,'Morten Harket','Can\'t Take My Eyes Off You','https://diva-s3.s3.ap-northeast-2.amazonaws.com/song/Morten Harket-Can\'t Take My Eyes Off You/coverImg.jpg','https://diva-s3.s3.ap-northeast-2.amazonaws.com/song/Morten Harket-Can\'t Take My Eyes Off You/Morten Harket-Can\'t Take My Eyes Off You_MR.mp3',NULL,NULL,NULL),(NULL,NULL,181,131,'Idina Menzel,Evan Rachel Wood','Show Yourself(Frozen2(2) OST)',NULL,'https://diva-s3.s3.ap-northeast-2.amazonaws.com/song/Idina Menzel,Evan Rachel Wood-Show Yourself(Frozen2(2) OST)/Idina Menzel,Evan Rachel Wood-Show Yourself(Frozen2(2) OST)_MR.mp3',NULL,NULL,NULL),(NULL,NULL,182,132,'Lady Gaga','Always Remember Us This Way(A Star Is Born OST)','https://diva-s3.s3.ap-northeast-2.amazonaws.com/song/Lady Gaga-Always Remember Us This Way(A Star Is Born OST)/coverImg.jpg','https://diva-s3.s3.ap-northeast-2.amazonaws.com/song/Lady Gaga-Always Remember Us This Way(A Star Is Born OST)/Lady Gaga-Always Remember Us This Way(A Star Is Born OST)_MR.mp3',NULL,NULL,NULL),(NULL,NULL,183,133,'Taylor Swift','Blank Space','https://diva-s3.s3.ap-northeast-2.amazonaws.com/song/Taylor Swift-Blank Space/coverImg.jpg','https://diva-s3.s3.ap-northeast-2.amazonaws.com/song/Taylor Swift-Blank Space/Taylor Swift-Blank Space_MR.mp3',NULL,NULL,NULL),(NULL,NULL,184,134,'Benson Boone','In The Stars','https://diva-s3.s3.ap-northeast-2.amazonaws.com/song/Benson Boone-In The Stars/coverImg.jpg','https://diva-s3.s3.ap-northeast-2.amazonaws.com/song/Benson Boone-In The Stars/Benson Boone-In The Stars_MR.mp3',NULL,NULL,NULL),(NULL,NULL,185,135,'ABBA','Dancing Queen','https://diva-s3.s3.ap-northeast-2.amazonaws.com/song/ABBA-Dancing Queen/coverImg.jpg','https://diva-s3.s3.ap-northeast-2.amazonaws.com/song/ABBA-Dancing Queen/ABBA-Dancing Queen_MR.mp3',NULL,NULL,NULL),(NULL,NULL,186,136,'Billy Joel','Piano man','https://diva-s3.s3.ap-northeast-2.amazonaws.com/song/Billy Joel-Piano man/coverImg.jpg','https://diva-s3.s3.ap-northeast-2.amazonaws.com/song/Billy Joel-Piano man/Billy Joel-Piano man_MR.mp3',NULL,NULL,NULL),(NULL,NULL,187,137,'Bruno Mars','Marry You','https://diva-s3.s3.ap-northeast-2.amazonaws.com/song/Bruno Mars-Marry You/coverImg.jpg','https://diva-s3.s3.ap-northeast-2.amazonaws.com/song/Bruno Mars-Marry You/Bruno Mars-Marry You_MR.mp3',NULL,NULL,NULL),(NULL,NULL,188,138,'Mandy Moore,Zachary Levi','I See the Light(Tangled() OST)','https://diva-s3.s3.ap-northeast-2.amazonaws.com/song/Mandy Moore,Zachary Levi-I See the Light(Tangled() OST)/coverImg.jpg','https://diva-s3.s3.ap-northeast-2.amazonaws.com/song/Mandy Moore,Zachary Levi-I See the Light(Tangled() OST)/Mandy Moore,Zachary Levi-I See the Light(Tangled() OST)_MR.mp3',NULL,NULL,NULL),(NULL,NULL,189,NULL,'Richard Sanderson','Reality','https://diva-s3.s3.ap-northeast-2.amazonaws.com/song/Richard Sanderson-Reality/coverImg.jpg','https://diva-s3.s3.ap-northeast-2.amazonaws.com/song/Richard Sanderson-Reality/Richard Sanderson-Reality_MR.mp3',NULL,NULL,NULL),(NULL,NULL,190,139,'Maroon 5','Memories','https://diva-s3.s3.ap-northeast-2.amazonaws.com/song/Maroon 5-Memories/coverImg.jpg','https://diva-s3.s3.ap-northeast-2.amazonaws.com/song/Maroon 5-Memories/Maroon 5-Memories_MR.mp3',NULL,NULL,NULL),(NULL,NULL,191,140,'David Guetta(Feat.Sia)','Titanium','https://diva-s3.s3.ap-northeast-2.amazonaws.com/song/David Guetta(Feat.Sia)-Titanium/coverImg.jpg','https://diva-s3.s3.ap-northeast-2.amazonaws.com/song/David Guetta(Feat.Sia)-Titanium/David Guetta(Feat.Sia)-Titanium_MR.mp3',NULL,NULL,NULL),(NULL,NULL,192,141,'My Chemical Romance','Welcome to the black parade','https://diva-s3.s3.ap-northeast-2.amazonaws.com/song/My Chemical Romance-Welcome to the black parade/coverImg.jpg','https://diva-s3.s3.ap-northeast-2.amazonaws.com/song/My Chemical Romance-Welcome to the black parade/My Chemical Romance-Welcome to the black parade_MR.mp3',NULL,NULL,NULL),(NULL,NULL,193,142,'Loren Allred','Never Enough(The Greatest Showman OST)','https://diva-s3.s3.ap-northeast-2.amazonaws.com/song/Loren Allred-Never Enough(The Greatest Showman OST)/coverImg.jpg','https://diva-s3.s3.ap-northeast-2.amazonaws.com/song/Loren Allred-Never Enough(The Greatest Showman OST)/Loren Allred-Never Enough(The Greatest Showman OST)_MR.mp3',NULL,NULL,NULL),(NULL,NULL,194,143,'Taylor Swift','You Belong With Me','https://diva-s3.s3.ap-northeast-2.amazonaws.com/song/Taylor Swift-You Belong With Me/coverImg.jpg','https://diva-s3.s3.ap-northeast-2.amazonaws.com/song/Taylor Swift-You Belong With Me/Taylor Swift-You Belong With Me_MR.mp3',NULL,NULL,NULL),(NULL,NULL,195,144,'Ed Sheeran','Thinking Out Loud','https://diva-s3.s3.ap-northeast-2.amazonaws.com/song/Ed Sheeran-Thinking Out Loud/coverImg.jpg','https://diva-s3.s3.ap-northeast-2.amazonaws.com/song/Ed Sheeran-Thinking Out Loud/Ed Sheeran-Thinking Out Loud_MR.mp3',NULL,NULL,NULL),(NULL,NULL,196,NULL,'Lauv','Steal The Show(Elemental OST)','https://diva-s3.s3.ap-northeast-2.amazonaws.com/song/Lauv-Steal The Show(Elemental OST)/coverImg.jpg','https://diva-s3.s3.ap-northeast-2.amazonaws.com/song/Lauv-Steal The Show(Elemental OST)/Lauv-Steal The Show(Elemental OST)_MR.mp3',NULL,NULL,NULL),(NULL,NULL,197,145,'Jessie J','Flashlight(Pitch Perfect 2 OST)','https://diva-s3.s3.ap-northeast-2.amazonaws.com/song/Jessie J-Flashlight(Pitch Perfect 2 OST)/coverImg.jpg','https://diva-s3.s3.ap-northeast-2.amazonaws.com/song/Jessie J-Flashlight(Pitch Perfect 2 OST)/Jessie J-Flashlight(Pitch Perfect 2 OST)_MR.mp3',NULL,NULL,NULL),(NULL,NULL,198,146,'Queen','Don\'t stop me now','https://diva-s3.s3.ap-northeast-2.amazonaws.com/song/Queen-Don\'t stop me now/coverImg.jpg','https://diva-s3.s3.ap-northeast-2.amazonaws.com/song/Queen-Don\'t stop me now/Queen-Don\'t stop me now_MR.mp3',NULL,NULL,NULL),(NULL,NULL,199,147,'Wham','Last Christmas','https://diva-s3.s3.ap-northeast-2.amazonaws.com/song/Wham-Last Christmas/coverImg.jpg','https://diva-s3.s3.ap-northeast-2.amazonaws.com/song/Wham-Last Christmas/Wham-Last Christmas_MR.mp3',NULL,NULL,NULL),(NULL,NULL,200,148,'Frank Sinatra','Fly me to the moon','https://diva-s3.s3.ap-northeast-2.amazonaws.com/song/Frank Sinatra-Fly me to the moon/coverImg.jpg','https://diva-s3.s3.ap-northeast-2.amazonaws.com/song/Frank Sinatra-Fly me to the moon/Frank Sinatra-Fly me to the moon_MR.mp3',NULL,NULL,NULL);
/*!40000 ALTER TABLE `song` ENABLE KEYS */;
UNLOCK TABLES;

--
-- Table structure for table `song_range`
--

DROP TABLE IF EXISTS `song_range`;
/*!40101 SET @saved_cs_client     = @@character_set_client */;
/*!50503 SET character_set_client = utf8mb4 */;
CREATE TABLE `song_range` (
  `highest_midi` int NOT NULL,
  `created_date` datetime(6) DEFAULT NULL,
  `last_modified_date` datetime(6) DEFAULT NULL,
  `song_range_id` bigint NOT NULL AUTO_INCREMENT,
  `highest_note` varchar(10) DEFAULT NULL,
  `created_by` varchar(255) DEFAULT NULL,
  `last_modified_by` varchar(255) DEFAULT NULL,
  PRIMARY KEY (`song_range_id`)
) ENGINE=InnoDB AUTO_INCREMENT=149 DEFAULT CHARSET=utf8mb4 COLLATE=utf8mb4_0900_ai_ci;
/*!40101 SET character_set_client = @saved_cs_client */;

--
-- Dumping data for table `song_range`
--

LOCK TABLES `song_range` WRITE;
/*!40000 ALTER TABLE `song_range` DISABLE KEYS */;
INSERT INTO `song_range` VALUES (73,NULL,NULL,1,'C#5',NULL,NULL),(76,NULL,NULL,2,'E5',NULL,NULL),(70,NULL,NULL,3,'A#4',NULL,NULL),(70,NULL,NULL,4,'A#4',NULL,NULL),(75,NULL,NULL,5,'D#5',NULL,NULL),(73,NULL,NULL,6,'C#5',NULL,NULL),(70,NULL,NULL,7,'A#4',NULL,NULL),(76,NULL,NULL,8,'E5',NULL,NULL),(69,NULL,NULL,9,'A4',NULL,NULL),(72,NULL,NULL,10,'C5',NULL,NULL),(71,NULL,NULL,11,'B4',NULL,NULL),(72,NULL,NULL,12,'C5',NULL,NULL),(72,NULL,NULL,13,'C5',NULL,NULL),(71,NULL,NULL,14,'B4',NULL,NULL),(74,NULL,NULL,15,'D5',NULL,NULL),(76,NULL,NULL,16,'E5',NULL,NULL),(71,NULL,NULL,17,'B4',NULL,NULL),(70,NULL,NULL,18,'A#4',NULL,NULL),(79,NULL,NULL,19,'G5',NULL,NULL),(71,NULL,NULL,20,'B4',NULL,NULL),(69,NULL,NULL,21,'A4',NULL,NULL),(69,NULL,NULL,22,'A4',NULL,NULL),(71,NULL,NULL,23,'B4',NULL,NULL),(66,NULL,NULL,24,'F#4',NULL,NULL),(75,NULL,NULL,25,'D#5',NULL,NULL),(73,NULL,NULL,26,'C#5',NULL,NULL),(72,NULL,NULL,27,'C5',NULL,NULL),(73,NULL,NULL,28,'C#5',NULL,NULL),(89,NULL,NULL,29,'F6',NULL,NULL),(77,NULL,NULL,30,'F5',NULL,NULL),(73,NULL,NULL,31,'C#5',NULL,NULL),(78,NULL,NULL,32,'F#5',NULL,NULL),(67,NULL,NULL,33,'G4',NULL,NULL),(71,NULL,NULL,34,'B4',NULL,NULL),(71,NULL,NULL,35,'B4',NULL,NULL),(65,NULL,NULL,36,'F4',NULL,NULL),(74,NULL,NULL,37,'D5',NULL,NULL),(79,NULL,NULL,38,'G5',NULL,NULL),(82,NULL,NULL,39,'A#5',NULL,NULL),(74,NULL,NULL,40,'D5',NULL,NULL),(71,NULL,NULL,41,'B4',NULL,NULL),(68,NULL,NULL,42,'G#4',NULL,NULL),(81,NULL,NULL,43,'A5',NULL,NULL),(71,NULL,NULL,44,'B4',NULL,NULL),(75,NULL,NULL,45,'D#5',NULL,NULL),(72,NULL,NULL,46,'C5',NULL,NULL),(75,NULL,NULL,47,'D#5',NULL,NULL),(70,NULL,NULL,48,'A#4',NULL,NULL),(69,NULL,NULL,49,'A4',NULL,NULL),(79,NULL,NULL,50,'G5',NULL,NULL),(79,NULL,NULL,51,'G5',NULL,NULL),(72,NULL,NULL,52,'C5',NULL,NULL),(69,NULL,NULL,53,'A4',NULL,NULL),(72,NULL,NULL,54,'C5',NULL,NULL),(73,NULL,NULL,55,'C#5',NULL,NULL),(75,NULL,NULL,56,'D#5',NULL,NULL),(78,NULL,NULL,57,'F#5',NULL,NULL),(70,NULL,NULL,58,'A#4',NULL,NULL),(84,NULL,NULL,59,'C6',NULL,NULL),(78,NULL,NULL,60,'F#5',NULL,NULL),(65,NULL,NULL,61,'F4',NULL,NULL),(80,NULL,NULL,62,'G#5',NULL,NULL),(59,NULL,NULL,63,'B3',NULL,NULL),(71,NULL,NULL,64,'B4',NULL,NULL),(78,NULL,NULL,65,'F#5',NULL,NULL),(77,NULL,NULL,66,'F5',NULL,NULL),(71,NULL,NULL,67,'B4',NULL,NULL),(69,NULL,NULL,68,'A4',NULL,NULL),(72,NULL,NULL,69,'C5',NULL,NULL),(69,NULL,NULL,70,'A4',NULL,NULL),(79,NULL,NULL,71,'G5',NULL,NULL),(72,NULL,NULL,72,'C5',NULL,NULL),(76,NULL,NULL,73,'E5',NULL,NULL),(76,NULL,NULL,74,'E5',NULL,NULL),(77,NULL,NULL,75,'F5',NULL,NULL),(81,NULL,NULL,76,'A5',NULL,NULL),(80,NULL,NULL,77,'G#5',NULL,NULL),(72,NULL,NULL,78,'C5',NULL,NULL),(60,NULL,NULL,79,'C4',NULL,NULL),(84,NULL,NULL,80,'C6',NULL,NULL),(64,NULL,NULL,81,'E4',NULL,NULL),(75,NULL,NULL,82,'D#5',NULL,NULL),(59,NULL,NULL,83,'B3',NULL,NULL),(77,NULL,NULL,84,'F5',NULL,NULL),(86,NULL,NULL,85,'D6',NULL,NULL),(69,NULL,NULL,86,'A4',NULL,NULL),(78,NULL,NULL,87,'F#5',NULL,NULL),(67,NULL,NULL,88,'G4',NULL,NULL),(68,NULL,NULL,89,'G#4',NULL,NULL),(67,NULL,NULL,90,'G4',NULL,NULL),(64,NULL,NULL,91,'E4',NULL,NULL),(72,NULL,NULL,92,'C5',NULL,NULL),(72,NULL,NULL,93,'C5',NULL,NULL),(76,NULL,NULL,94,'E5',NULL,NULL),(83,NULL,NULL,95,'B5',NULL,NULL),(75,NULL,NULL,96,'D#5',NULL,NULL),(85,NULL,NULL,97,'C#6',NULL,NULL),(72,NULL,NULL,98,'C5',NULL,NULL),(69,NULL,NULL,99,'A4',NULL,NULL),(77,NULL,NULL,100,'F5',NULL,NULL),(76,NULL,NULL,101,'E5',NULL,NULL),(74,NULL,NULL,102,'D5',NULL,NULL),(76,NULL,NULL,103,'E5',NULL,NULL),(74,NULL,NULL,104,'D5',NULL,NULL),(74,NULL,NULL,105,'D5',NULL,NULL),(65,NULL,NULL,106,'F4',NULL,NULL),(65,NULL,NULL,107,'F4',NULL,NULL),(79,NULL,NULL,108,'G5',NULL,NULL),(74,NULL,NULL,109,'D5',NULL,NULL),(74,NULL,NULL,110,'D5',NULL,NULL),(72,NULL,NULL,111,'C5',NULL,NULL),(74,NULL,NULL,112,'D5',NULL,NULL),(80,NULL,NULL,113,'G#5',NULL,NULL),(68,NULL,NULL,114,'G#4',NULL,NULL),(71,NULL,NULL,115,'B4',NULL,NULL),(75,NULL,NULL,116,'D#5',NULL,NULL),(81,NULL,NULL,117,'A5',NULL,NULL),(73,NULL,NULL,118,'C#5',NULL,NULL),(71,NULL,NULL,119,'B4',NULL,NULL),(76,NULL,NULL,120,'E5',NULL,NULL),(74,NULL,NULL,121,'D5',NULL,NULL),(67,NULL,NULL,122,'G4',NULL,NULL),(69,NULL,NULL,123,'A4',NULL,NULL),(67,NULL,NULL,124,'G4',NULL,NULL),(65,NULL,NULL,125,'F4',NULL,NULL),(74,NULL,NULL,126,'D5',NULL,NULL),(67,NULL,NULL,127,'G4',NULL,NULL),(64,NULL,NULL,128,'E4',NULL,NULL),(69,NULL,NULL,129,'A4',NULL,NULL),(64,NULL,NULL,130,'E4',NULL,NULL),(81,NULL,NULL,131,'A5',NULL,NULL),(74,NULL,NULL,132,'D5',NULL,NULL),(72,NULL,NULL,133,'C5',NULL,NULL),(74,NULL,NULL,134,'D5',NULL,NULL),(74,NULL,NULL,135,'D5',NULL,NULL),(67,NULL,NULL,136,'G4',NULL,NULL),(74,NULL,NULL,137,'D5',NULL,NULL),(77,NULL,NULL,138,'F5',NULL,NULL),(80,NULL,NULL,139,'G#5',NULL,NULL),(69,NULL,NULL,140,'A4',NULL,NULL),(74,NULL,NULL,141,'D5',NULL,NULL),(75,NULL,NULL,142,'D#5',NULL,NULL),(73,NULL,NULL,143,'C#5',NULL,NULL),(69,NULL,NULL,144,'A4',NULL,NULL),(79,NULL,NULL,145,'G5',NULL,NULL),(70,NULL,NULL,146,'A#4',NULL,NULL),(70,NULL,NULL,147,'A#4',NULL,NULL),(67,NULL,NULL,148,'G4',NULL,NULL);
/*!40000 ALTER TABLE `song_range` ENABLE KEYS */;
UNLOCK TABLES;

--
-- Table structure for table `token`
--

DROP TABLE IF EXISTS `token`;
/*!40101 SET @saved_cs_client     = @@character_set_client */;
/*!50503 SET character_set_client = utf8mb4 */;
CREATE TABLE `token` (
  `id` bigint NOT NULL AUTO_INCREMENT,
  `member_id` bigint NOT NULL,
  `refresh_token` varchar(400) DEFAULT NULL,
  `resource_access_token` varchar(255) DEFAULT NULL,
  `resource_refresh_token` varchar(255) DEFAULT NULL,
  `scope` varchar(255) DEFAULT NULL,
  PRIMARY KEY (`id`),
  UNIQUE KEY `UK_15gxur5anhs9nlx62ef6cx3sk` (`refresh_token`),
  UNIQUE KEY `UK_q2dip7au18wahm3s153yhhr9l` (`resource_access_token`),
  UNIQUE KEY `UK_nj41kx1nsr45rfy4nmdvta5w5` (`resource_refresh_token`),
  KEY `member_id` (`member_id`),
  CONSTRAINT `token_ibfk_1` FOREIGN KEY (`member_id`) REFERENCES `member` (`member_id`)
) ENGINE=InnoDB AUTO_INCREMENT=40 DEFAULT CHARSET=utf8mb4 COLLATE=utf8mb4_0900_ai_ci;
/*!40101 SET character_set_client = @saved_cs_client */;

--
-- Dumping data for table `token`
--

LOCK TABLES `token` WRITE;
/*!40000 ALTER TABLE `token` DISABLE KEYS */;
INSERT INTO `token` VALUES (1,6,'eyJhbGciOiJIUzUxMiIsInR5cCI6IkpXVCJ9.eyJpc3MiOiJMZXRNZUtub3ciLCJzdWIiOiJyZWZyZXNoVG9rZW4iLCJpYXQiOjE3MDc5NzQxNjUsImV4cCI6MTcwODU3ODk2NSwibWVtYmVySWQiOiI2IiwiaXNzdWVkVGltZSI6MTcwNzk3NDE2NTIxMX0.jewIctjjeUbV3zcHFRkAYBAV8ztW45ApvOA5uIJbz9IXCAHrIkAuvzMv_xBdF5JawJfPuqc3mObD9HRXAtz-uQ','QKaE8aHXsPg5RH6RbxBJb5wop29_EgtPFFIKKiUOAAABjasxgBfdCc_9be4aqQ','Xc_P6oJW_3ckHYi5hUdX3Y0jmVIjoM2DdxUKKiUOAAABjasxgBTdCc_9be4aqQ','account_email'),(3,1,'eyJhbGciOiJIUzUxMiIsInR5cCI6IkpXVCJ9.eyJpc3MiOiJMZXRNZUtub3ciLCJzdWIiOiJyZWZyZXNoVG9rZW4iLCJpYXQiOjE3MDc5NzQzNDQsImV4cCI6MTcwODU3OTE0NCwibWVtYmVySWQiOiIxIiwiaXNzdWVkVGltZSI6MTcwNzk3NDM0NDM4NX0._Z19Ay9NlsPaaaxXpADyaUWCiVgLBqThQOnw2slP-HtWWnUAceLaxN19isJtiVmSsyyk2xuiMMVjtN8xTvpFlQ','Gy5838llb7CwpbkIUMggw3EgRIycoMzxGZMKKcleAAABjas0PoVV7imzm104lw','4LUZPQGgiw095E_WpbchZr-8bHzl-fJ7wn0KKcleAAABjas0PoFV7imzm104lw','account_email'),(4,5,'eyJhbGciOiJIUzUxMiIsInR5cCI6IkpXVCJ9.eyJpc3MiOiJMZXRNZUtub3ciLCJzdWIiOiJyZWZyZXNoVG9rZW4iLCJpYXQiOjE3MDc5NzQ2MDMsImV4cCI6MTcwODU3OTQwMywibWVtYmVySWQiOiI1IiwiaXNzdWVkVGltZSI6MTcwNzk3NDYwMzk1NH0.CpnJtLN6-AZp9TV_CbqhoxKM6MqTaohP-mrCaLDrT8PuC3fYSTBYN_umfyv25bz-tY6hIh3YZkNq4KjG9PvqoA','RqCMOuc_di_kk7mLUR6-W2KAMAvU1TWgDKIKKiUOAAABjas4NIgq17LwdM8QAg','d902ZjDnWqjLdFLJ-rf0CzNO1NmN8G0wUnUKKiUOAAABjas4NIUq17LwdM8QAg','account_email'),(5,5,'eyJhbGciOiJIUzUxMiIsInR5cCI6IkpXVCJ9.eyJpc3MiOiJMZXRNZUtub3ciLCJzdWIiOiJyZWZyZXNoVG9rZW4iLCJpYXQiOjE3MDc5NzUwMzYsImV4cCI6MTcwODU3OTgzNiwibWVtYmVySWQiOiI1IiwiaXNzdWVkVGltZSI6MTcwNzk3NTAzNjI4Mn0.a9p-WqXYFgHMQvND8WA46Meot4zJ9GxwTwdag2-j61_uLVkUYDtT31XTxwMHjkTiakj8v9pdg5gwrBnULFB91Q','MQNF_kd3p8N6esyPTMuOcmXS9I6x32qvLa0KKiVQAAABjas-yswq17LwdM8QAg','nsckTpa-suhNNpRdqHHkBYKCYZTO6-2b3oUKKiVQAAABjas-ysgq17LwdM8QAg','account_email'),(6,5,'eyJhbGciOiJIUzUxMiIsInR5cCI6IkpXVCJ9.eyJpc3MiOiJMZXRNZUtub3ciLCJzdWIiOiJyZWZyZXNoVG9rZW4iLCJpYXQiOjE3MDc5NzUxMjksImV4cCI6MTcwODU3OTkyOSwibWVtYmVySWQiOiI1IiwiaXNzdWVkVGltZSI6MTcwNzk3NTEyOTc3Nn0.Meyx2PtPCCDZmb9N4gHYTWAwuK20AiUJIkjMQM6HRUQI31MH9f-EvMQ7MzflcryvqKuYK3PzPkDQn-OSByfObg','6rs30DAkaK-LjOi_FCTDkAe1FUfy4MvDkXgKPXWbAAABjatAOAcq17LwdM8QAg','cvMr9lJT7Wnl5XNzmWxFFmAa0AEMzr5mlpkKPXWbAAABjatAOAQq17LwdM8QAg','account_email'),(7,2,'eyJhbGciOiJIUzUxMiIsInR5cCI6IkpXVCJ9.eyJpc3MiOiJMZXRNZUtub3ciLCJzdWIiOiJyZWZyZXNoVG9rZW4iLCJpYXQiOjE3MDc5NzU3NzksImV4cCI6MTcwODU4MDU3OSwibWVtYmVySWQiOiIyIiwiaXNzdWVkVGltZSI6MTcwNzk3NTc3OTE1Mn0.QfoBMC8dbg7OnK39rrkofaHiakhxD2w0H5FD0gQJZxVyz0mPA-ZnWwKfqHyRIsIbAdsA7wGISF5piA7Zj77gqQ','670eawvZW_Y3BF6U_Q1ow7niITAAQ5-xC4YKKiUPAAABjatKIvSGtS2__sNdBQ','lBWWGwtMyPYWKAKoq1PEU-Kl39KsaBLhx98KKiUPAAABjatKIvGGtS2__sNdBQ','account_email'),(9,1,'eyJhbGciOiJIUzUxMiIsInR5cCI6IkpXVCJ9.eyJpc3MiOiJMZXRNZUtub3ciLCJzdWIiOiJyZWZyZXNoVG9rZW4iLCJpYXQiOjE3MDc5NzYwNTEsImV4cCI6MTcwODU4MDg1MSwibWVtYmVySWQiOiIxIiwiaXNzdWVkVGltZSI6MTcwNzk3NjA1MTc3M30.uvzhTah08MeOoCZK4n2K-g-R1F_qbj3NyPVKZEf3tmTApiPZCn2Qvz_LFKsVSgHnnh3kLNl3Y0BTyBzY-IGjiQ','rcHZWGF52NPCXK7Dwy8EssZManA4sdSwr0UKKiUNAAABjatOS_BV7imzm104lw','tqlM2sOQDSa_4FujkEe1zLXI8WrVBrSXyrcKKiUNAAABjatOS-5V7imzm104lw','account_email'),(10,1,'eyJhbGciOiJIUzUxMiIsInR5cCI6IkpXVCJ9.eyJpc3MiOiJMZXRNZUtub3ciLCJzdWIiOiJyZWZyZXNoVG9rZW4iLCJpYXQiOjE3MDc5NzYwOTQsImV4cCI6MTcwODU4MDg5NCwibWVtYmVySWQiOiIxIiwiaXNzdWVkVGltZSI6MTcwNzk3NjA5NDQ4Nn0.4ll1HMKNAfe7fQbnGf86ddvAvBC4TVWnT-wzqk9qzuFWQl0xJkU4TxP6jWlS-t-_0j5bMAOI-ZV5_T2mpS0WrQ','rHTYa0duwoSAKQhZykhetm0wSbpmZ3WOwhcKKiVPAAABjatO8shV7imzm104lw','Dke1arDWjWk-cqf4s1ubA83Jkt2CFLbGqzYKKiVPAAABjatO8sVV7imzm104lw','account_email'),(11,1,'eyJhbGciOiJIUzUxMiIsInR5cCI6IkpXVCJ9.eyJpc3MiOiJMZXRNZUtub3ciLCJzdWIiOiJyZWZyZXNoVG9rZW4iLCJpYXQiOjE3MDc5NzYyNzYsImV4cCI6MTcwODU4MTA3NiwibWVtYmVySWQiOiIxIiwiaXNzdWVkVGltZSI6MTcwNzk3NjI3NjgyNX0.1-FKbB9l5phPp4XKFHJf4X7CvHKgd1wyp9rQX5Pz8a2XWKE0Zl0G1hlCsfmSoYIfHEggnK2qSzEjip3ZJ7An5g','LT3xuL4qidKSPuWzvsAS2wItyiWGJPtxF1oKPXOaAAABjatRuyFV7imzm104lw','UQ8qOpjHwEkVdSWIEvXifMKq66sUpSfyM9wKPXOaAAABjatRux5V7imzm104lw','account_email'),(12,5,'eyJhbGciOiJIUzUxMiIsInR5cCI6IkpXVCJ9.eyJpc3MiOiJMZXRNZUtub3ciLCJzdWIiOiJyZWZyZXNoVG9rZW4iLCJpYXQiOjE3MDc5Nzc1MTcsImV4cCI6MTcwODU4MjMxNywibWVtYmVySWQiOiI1IiwiaXNzdWVkVGltZSI6MTcwNzk3NzUxNzMwMX0.xAaAEuFLXwI_SyxmUeU1TBnzeSrcAg0NLo5WG8_vtoLyqOSXJ1KQRGAXInFecUnzuHbJm9DhIOvLwndfxgcOSQ','RbSRYMSQuAhwrEbpFTHvUMfuUysmzzl-h5sKKwzUAAABjatkqKUq17LwdM8QAg','UUXxp4l0guT_CZ0CMGWx_tcef-IZZ9NS5uMKKwzUAAABjatkqKIq17LwdM8QAg','account_email'),(13,1,'eyJhbGciOiJIUzUxMiIsInR5cCI6IkpXVCJ9.eyJpc3MiOiJMZXRNZUtub3ciLCJzdWIiOiJyZWZyZXNoVG9rZW4iLCJpYXQiOjE3MDc5Nzc1OTYsImV4cCI6MTcwODU4MjM5NiwibWVtYmVySWQiOiIxIiwiaXNzdWVkVGltZSI6MTcwNzk3NzU5NjE0OX0.tR0e7UmCxBlUWizuGzZqMETTJnFS_kOsLqt7fGbl7s5907JETmzcsvw2x3cGfMMGj8v5nL9AEJpYR-nLfRo6yw','5l-Ezi88I1VFbscOXswfkNtP3dUfbucNoIoKPXQRAAABjatl2htV7imzm104lw','iQXR2wpHb8eMMBN_T4bycTp4DXJwi4rverAKPXQRAAABjatl2hlV7imzm104lw','account_email'),(14,6,'eyJhbGciOiJIUzUxMiIsInR5cCI6IkpXVCJ9.eyJpc3MiOiJMZXRNZUtub3ciLCJzdWIiOiJyZWZyZXNoVG9rZW4iLCJpYXQiOjE3MDc5Nzk3NDgsImV4cCI6MTcwODU4NDU0OCwibWVtYmVySWQiOiI2IiwiaXNzdWVkVGltZSI6MTcwNzk3OTc0ODgxN30.6jjMC1xIAe4wwrig3iuHxYGTOmRXjZr1dN98o8PTRl5ibtORqROWYYVS8XEk8UlmaXneBQ9LjNdGxhMNLJaJSg','mByOlRetDPfIUFosFXqRGe0DYwye98VVzIAKPXSYAAABjauGtYzdCc_9be4aqQ','BossiKd_0RqHIFKJCI1D8J-lfOM--dZ2YGEKPXSYAAABjauGtYjdCc_9be4aqQ','account_email'),(18,18,'eyJhbGciOiJIUzUxMiIsInR5cCI6IkpXVCJ9.eyJpc3MiOiJMZXRNZUtub3ciLCJzdWIiOiJyZWZyZXNoVG9rZW4iLCJpYXQiOjE3MDc5ODUyMzcsImV4cCI6MTcwODU5MDAzNywibWVtYmVySWQiOiIxOCIsImlzc3VlZFRpbWUiOjE3MDc5ODUyMzc2MTF9.Wayv8denlfczDJheZBNVWd1Bcidi82tDwJckxyC_Uh1kHC0H21TIMQ-YTbsVeFGcCvRZNIxngIBsYdVVzmaoWg','uJSl-kAbAtwg7GalWinBQ62Nan7hGysX3SoKKclfAAABjavadlHdCc_9be4aqQ','488gUAtYUY-HXIiNA4eqYOHYvj4PLVsBuzgKKclfAAABjavadk3dCc_9be4aqQ',NULL),(19,18,'eyJhbGciOiJIUzUxMiIsInR5cCI6IkpXVCJ9.eyJpc3MiOiJMZXRNZUtub3ciLCJzdWIiOiJyZWZyZXNoVG9rZW4iLCJpYXQiOjE3MDc5ODUyNzcsImV4cCI6MTcwODU5MDA3NywibWVtYmVySWQiOiIxOCIsImlzc3VlZFRpbWUiOjE3MDc5ODUyNzc3OTF9.WzGnI3HgtmlQfUy2ZdSaE_mA9E7LMKrNFB4ETKW7MBboY1g0kkDrPTe7QNTQVl-8xGEJ7qNNGWnTG0Tu5hgA4g','GXXR9d_eP2A19XLlYWh6OBiDT68_Oc8D27AKPXTaAAABjavbEzDdCc_9be4aqQ','9cxeGs1NT0Q9G-VM191oorxC1TG0KSUVodkKPXTaAAABjavbEy3dCc_9be4aqQ',NULL),(20,20,'eyJhbGciOiJIUzUxMiIsInR5cCI6IkpXVCJ9.eyJpc3MiOiJMZXRNZUtub3ciLCJzdWIiOiJyZWZyZXNoVG9rZW4iLCJpYXQiOjE3MDc5ODUzMzgsImV4cCI6MTcwODU5MDEzOCwibWVtYmVySWQiOiIyMCIsImlzc3VlZFRpbWUiOjE3MDc5ODUzMzgxOTB9.FKPhS3cjv73VFiWngshlH_5GTqq1Xe4RlG-1igqMPIofTIFRcJ9gXz8XpgzCEAFKW5VJ--P22H1qRGXYwH293g','CHLKqPhvFk1fHxOvHMNFIF785fsM63-Y4RgKPXKXAAABjavb_xyGtS2__sNdBQ','4OIVR-e9SVzK_G7BJvm5-E3g3m_zdhMDpsoKPXKXAAABjavb_xiGtS2__sNdBQ',NULL),(21,19,'eyJhbGciOiJIUzUxMiIsInR5cCI6IkpXVCJ9.eyJpc3MiOiJMZXRNZUtub3ciLCJzdWIiOiJyZWZyZXNoVG9rZW4iLCJpYXQiOjE3MDc5ODUzODMsImV4cCI6MTcwODU5MDE4MywibWVtYmVySWQiOiIxOSIsImlzc3VlZFRpbWUiOjE3MDc5ODUzODM4NTR9.zUqszPI4qEhdBfvsGMdnmKJYHvQMAmawMkRKpDZ9xJ15qAY1wvMRVGUp0gs-uklpI-TB7HDv3Kn6UQvC3idiOg','Orjmzqqf4oQ2PgRiEZvzD45uNuVdkWcabvwKPXSZAAABjavcsZMq17LwdM8QAg','GX7O34pXlupuQHXamK39Zc4aPtkdVSG72IEKPXSZAAABjavcsZAq17LwdM8QAg',NULL),(22,21,'eyJhbGciOiJIUzUxMiIsInR5cCI6IkpXVCJ9.eyJpc3MiOiJMZXRNZUtub3ciLCJzdWIiOiJyZWZyZXNoVG9rZW4iLCJpYXQiOjE3MDc5ODU0NzYsImV4cCI6MTcwODU5MDI3NiwibWVtYmVySWQiOiIyMSIsImlzc3VlZFRpbWUiOjE3MDc5ODU0NzYwMzd9.Gv_tnoG5BfBEFjkvgorrCymDMaH18HonmcDqytS7Cv-QCKpzPwo3f3_VDbeWzid3WEY14pU26aOZvhoAeG8T8w','mfOaRB8_p3hGaOG41H7snoUupO-OlNSHZVAKKiUOAAABjaveGZmxu3fh8M0xkQ','Iq7TytQNXPeWGZ0g6nkUw2Vf-xBOuSxpo_0KKiUOAAABjaveGZaxu3fh8M0xkQ',NULL),(23,18,'eyJhbGciOiJIUzUxMiIsInR5cCI6IkpXVCJ9.eyJpc3MiOiJMZXRNZUtub3ciLCJzdWIiOiJyZWZyZXNoVG9rZW4iLCJpYXQiOjE3MDc5ODU1NzEsImV4cCI6MTcwODU5MDM3MSwibWVtYmVySWQiOiIxOCIsImlzc3VlZFRpbWUiOjE3MDc5ODU1NzE3NjZ9.QOC59gJlTf-Q5rgx08pIpJHVcKFziUrmLqwvaVy2YjSc3C8vun0F7p7UsVDIpFp0c7RAUfejrDREch_FftSjng','OQxnbowY61rlqbgEJFHSaWp8H4vV_I_1uBIKKiVTAAABjavfj47dCc_9be4aqQ','Js7p3BNZpQhJeEacmV9fcFSJbnhDuknGOTYKKiVTAAABjavfj4ndCc_9be4aqQ',NULL),(24,18,'eyJhbGciOiJIUzUxMiIsInR5cCI6IkpXVCJ9.eyJpc3MiOiJMZXRNZUtub3ciLCJzdWIiOiJyZWZyZXNoVG9rZW4iLCJpYXQiOjE3MDc5ODgyOTMsImV4cCI6MTcwODU5MzA5MywibWVtYmVySWQiOiIxOCIsImlzc3VlZFRpbWUiOjE3MDc5ODgyOTM4MDJ9.xawujWjF2llIEQq6pKwNl3c88XewE5aRcIi5P5MPjkegA36EnkDS4zIFoA0VI8P5VTXS1ltG-hT61DZrtrmqgQ','q4h73psY_bELol8DSK7b8vswzsl_hgvtA4YKPXTaAAABjawJGF7dCc_9be4aqQ','Lx4uMN21TqK_faDQttKkenVOKv7nLiRO1zgKPXTaAAABjawJGFvdCc_9be4aqQ',NULL),(25,19,'eyJhbGciOiJIUzUxMiIsInR5cCI6IkpXVCJ9.eyJpc3MiOiJMZXRNZUtub3ciLCJzdWIiOiJyZWZyZXNoVG9rZW4iLCJpYXQiOjE3MDc5OTA4MDYsImV4cCI6MTcwODU5NTYwNiwibWVtYmVySWQiOiIxOSIsImlzc3VlZFRpbWUiOjE3MDc5OTA4MDY0OTJ9.k_qPS6vV4vOfda6xj8jChFAtmObRVThIIjxhwGwDAz-epY6HURKzA7C3HPcO_yRv6i_2uqphQjCUSY9AO9DBKA','jjO22NEg8_sU6WONY7s587hY4kKWtH6YLl0KKiURAAABjawvb5Qq17LwdM8QAg','S1_s3liqFcQ6zOAPaQ7hEwH7-WnbTgt-yisKKiURAAABjawvb5Eq17LwdM8QAg',NULL),(26,18,'eyJhbGciOiJIUzUxMiIsInR5cCI6IkpXVCJ9.eyJpc3MiOiJMZXRNZUtub3ciLCJzdWIiOiJyZWZyZXNoVG9rZW4iLCJpYXQiOjE3MDc5OTA4MzEsImV4cCI6MTcwODU5NTYzMSwibWVtYmVySWQiOiIxOCIsImlzc3VlZFRpbWUiOjE3MDc5OTA4MzE5OTB9.t3mfhcgtlOFt1DvPekM6iVlPxqt22Oz-0tPSDOM5PRVZX81jMpvC4uLtjc-4-IPLbuqqADRs3G9ATViiuhbkIA','Wl4Lyi1jc_ZzT5paXqy_0WzIswrNOV8a_r0KKwzTAAABjawv00PdCc_9be4aqQ','axCSDbuIy08o45xbGxnqwQ3h5jWHm0ZOhukKKwzTAAABjawv0z_dCc_9be4aqQ',NULL),(27,22,'eyJhbGciOiJIUzUxMiIsInR5cCI6IkpXVCJ9.eyJpc3MiOiJMZXRNZUtub3ciLCJzdWIiOiJyZWZyZXNoVG9rZW4iLCJpYXQiOjE3MDc5OTE0OTQsImV4cCI6MTcwODU5NjI5NCwibWVtYmVySWQiOiIyMiIsImlzc3VlZFRpbWUiOjE3MDc5OTE0OTQzMzV9.CltEwcy5CZRQgCEGznxFs9w95nbUBuDdjBprAajrwKqM6t1q2e3A5-__dG_CHQu2UBqLeuBKnJ3Xeqm2l60rtg','RfZBa299OETeHIkPRH2nTOUfz4J7plRbULEKPXTZAAABjaw57nwSmUam6ZdnFg','7Ukt6pRuqsukd7Km8cIu18O22AGWJqUMVHQKPXTZAAABjaw57ngSmUam6ZdnFg',NULL),(28,19,'eyJhbGciOiJIUzUxMiIsInR5cCI6IkpXVCJ9.eyJpc3MiOiJMZXRNZUtub3ciLCJzdWIiOiJyZWZyZXNoVG9rZW4iLCJpYXQiOjE3MDc5OTQwMDUsImV4cCI6MTcwODU5ODgwNSwibWVtYmVySWQiOiIxOSIsImlzc3VlZFRpbWUiOjE3MDc5OTQwMDU1Mzl9.aMRJ8sQd1-1ORibNtlxcgQH1Mb9ycGADPoRE0_ybusr3gEXGzm0bb4WnJh7i11xJp2xWpIxyNIE_3F4z-2DAaQ','pwHhD-6ku36Fe_Y4IgCO1sELzuPYWQV1PyYKKclfAAABjaxgP-4q17LwdM8QAg','xBx2vJXCmQVs04aMaavlMEyEdUc-US7_2kEKKclfAAABjaxgP-sq17LwdM8QAg',NULL),(29,18,'eyJhbGciOiJIUzUxMiIsInR5cCI6IkpXVCJ9.eyJpc3MiOiJMZXRNZUtub3ciLCJzdWIiOiJyZWZyZXNoVG9rZW4iLCJpYXQiOjE3MDc5OTQ3NTMsImV4cCI6MTcwODU5OTU1MywibWVtYmVySWQiOiIxOCIsImlzc3VlZFRpbWUiOjE3MDc5OTQ3NTMxMTJ9.H3ezPdYiU3x5vlhWwty2K8VlKIQ2OzzLn6fXID_8332KR2DEa0CXrIQxhN5LWK7IgKLQ5IRerEfk0prDpJPatA','mnVpBVBwS2011UMRtYr7CTLc6S5j2G_3UPMKKw0gAAABjaxrqCPdCc_9be4aqQ','dDEU84ejSzguyn8RNhsxGVq967C36WhujR4KKw0gAAABjaxrqB_dCc_9be4aqQ',NULL),(30,18,'eyJhbGciOiJIUzUxMiIsInR5cCI6IkpXVCJ9.eyJpc3MiOiJMZXRNZUtub3ciLCJzdWIiOiJyZWZyZXNoVG9rZW4iLCJpYXQiOjE3MDc5OTU4MzIsImV4cCI6MTcwODYwMDYzMiwibWVtYmVySWQiOiIxOCIsImlzc3VlZFRpbWUiOjE3MDc5OTU4MzI0OTd9.xBxoRRgZew8o8GZrpbEFN2rD7vlUOZ29O5sqIawq01y4q7YT8FRaFgvRzRtOZeygWvp4DaaVSgFoKvV78sRFDw','1g3-SKdwgtwOpkKoBFRqhk2ZIwX3VDv_9YMKPXUZAAABjax8IH_dCc_9be4aqQ','wAI74yf5nGCXR81_36b8neS3lufirJnsiZgKPXUZAAABjax8IHvdCc_9be4aqQ',NULL),(33,20,'eyJhbGciOiJIUzUxMiIsInR5cCI6IkpXVCJ9.eyJpc3MiOiJMZXRNZUtub3ciLCJzdWIiOiJyZWZyZXNoVG9rZW4iLCJpYXQiOjE3MDc5OTg4NDgsImV4cCI6MTcwODYwMzY0OCwibWVtYmVySWQiOiIyMCIsImlzc3VlZFRpbWUiOjE3MDc5OTg4NDgyMTh9.DRPMg2vtaiMTsKRzUtdcwupG9Q53QCjGPRvSJrzmvXBNdIgv1AtJYIfkZ8-iBJnVQA5BTE-KpKfngr7j-7A1kw','F0rxyWQ1gVUBhMyFOzLSzg8PtbYASqBzEuYKKwzSAAABjayqJLKGtS2__sNdBQ','76nWAO39OU5Xg_SGl8PLSwp-KRYZKH59LtYKKwzSAAABjayqJLCGtS2__sNdBQ',NULL),(34,19,'eyJhbGciOiJIUzUxMiIsInR5cCI6IkpXVCJ9.eyJpc3MiOiJMZXRNZUtub3ciLCJzdWIiOiJyZWZyZXNoVG9rZW4iLCJpYXQiOjE3MDc5OTk0NDQsImV4cCI6MTcwODYwNDI0NCwibWVtYmVySWQiOiIxOSIsImlzc3VlZFRpbWUiOjE3MDc5OTk0NDQ2ODF9.iRBZlXBZe2N_gsjZ0kWd8GCGtNJ96elT2p-v-UlB1osYtYjxbvsWuJF1_WjBvGDtyrNejZ1CimGRttIMITuo3A','m3Dhwvm6Xq-7-u_-GBmdxHsAePrk8c9C1asKKwzSAAABjayzPqMq17LwdM8QAg','6OoSEU1-a01piS-1ebIUyGLDoGBf3qRiiw4KKwzSAAABjayzPqAq17LwdM8QAg',NULL),(35,23,'eyJhbGciOiJIUzUxMiIsInR5cCI6IkpXVCJ9.eyJpc3MiOiJMZXRNZUtub3ciLCJzdWIiOiJyZWZyZXNoVG9rZW4iLCJpYXQiOjE3MDgwMDEzNTAsImV4cCI6MTcwODYwNjE1MCwibWVtYmVySWQiOiIyMyIsImlzc3VlZFRpbWUiOjE3MDgwMDEzNTA4MjJ9.s00kwjOFjPmFXkjyRpesGyc2qeI_XGDDoIi_WPBwVr0e2zc308DB-b43juldZH-5-ET2rGU6jhImvXBIkvcVYQ','C82tGaDQaUcXiE0UQcKp_Krmq8SBhDvnQGUKKiUPAAABjazQVG6i-KZYUq23DA','mrTtLb2JlU3oCEBAzPBuWFqYprEFavKKbxIKKiUPAAABjazQVGqi-KZYUq23DA',NULL),(36,24,'eyJhbGciOiJIUzUxMiIsInR5cCI6IkpXVCJ9.eyJpc3MiOiJMZXRNZUtub3ciLCJzdWIiOiJyZWZyZXNoVG9rZW4iLCJpYXQiOjE3MDgwMDIwMTEsImV4cCI6MTcwODYwNjgxMSwibWVtYmVySWQiOiIyNCIsImlzc3VlZFRpbWUiOjE3MDgwMDIwMTExOTZ9.qQt0df8XVoCe3hjjyaQ9ynlfxcN_dPGnWF3DvYyLRhKjwgl96rGUOgI4lqaqVw2VRshRYhhtSzcsOSw5o8Cgww','6UBIXuYUrqAYr-0sh6t9u8hCErjzLAnaNf0KPXSXAAABjazaZTtV7imzm104lw','4y81o2Ube3ZUh3G3_SJ369kBsGdWLeXPb48KPXSXAAABjazaZThV7imzm104lw',NULL),(37,25,'eyJhbGciOiJIUzUxMiIsInR5cCI6IkpXVCJ9.eyJpc3MiOiJMZXRNZUtub3ciLCJzdWIiOiJyZWZyZXNoVG9rZW4iLCJpYXQiOjE3MDgwMDI0NjMsImV4cCI6MTcwODYwNzI2MywibWVtYmVySWQiOiIyNSIsImlzc3VlZFRpbWUiOjE3MDgwMDI0NjMwNzd9.D5Ku29iAf3kGDCCkfTwlzu4-zZWZMFILOlgLy5OMuOPG7zrWJBxa294oLhG0dEJjaqaJEcMacKz11roWgOHI2w','AqDkwEmGTcV6Ribikn9_wTiqwV1lx7RGltIKKcjaAAABjazhTSlHueF-5ScOZw','HWD7m7FnfO_FrpjM6oDrcLSnZMSEaTSHIiMKKcjaAAABjazhTSVHueF-5ScOZw',NULL),(38,19,'eyJhbGciOiJIUzUxMiIsInR5cCI6IkpXVCJ9.eyJpc3MiOiJMZXRNZUtub3ciLCJzdWIiOiJyZWZyZXNoVG9rZW4iLCJpYXQiOjE3MDgwMDI3MzAsImV4cCI6MTcwODYwNzUzMCwibWVtYmVySWQiOiIxOSIsImlzc3VlZFRpbWUiOjE3MDgwMDI3MzA0MTJ9.SSS2OJwPMnfpk41HgdVm0hgZi_DIEXRtyLOMEcJS2KON0ZBYpyxLlsy1_BrpMLOtJAibmzonNq5YW4hlTJLRIQ','NroWgzjk6q_TgCsvu320qivCn1SzbdVHAuYKKiWOAAABjazlYYEq17LwdM8QAg','kVyT1gO_190DCl77e3gsscjSzFHA0JqXCxMKKiWOAAABjazlYXwq17LwdM8QAg',NULL),(39,26,'eyJhbGciOiJIUzUxMiIsInR5cCI6IkpXVCJ9.eyJpc3MiOiJMZXRNZUtub3ciLCJzdWIiOiJyZWZyZXNoVG9rZW4iLCJpYXQiOjE3MDgwMDMwMzYsImV4cCI6MTcwODYwNzgzNiwibWVtYmVySWQiOiIyNiIsImlzc3VlZFRpbWUiOjE3MDgwMDMwMzYyNzd9.RniTbQX45uvKQJhPOr5niurZ5C2BuqPGYdELlJOl4NqaZPpWnZ9Kt4zv_wB3xH8YXheUpa_PCiutWXUKSdSUzQ','vOlwczo-oXEAmGkjLq2G0xZIdaomQr2uFqkKPXPrAAABjazqDEDHP8VuE1ZNOQ','MSxO9U1BkwfzwV3cHYyRL4bWto4BRynFMacKPXPrAAABjazqDDvHP8VuE1ZNOQ',NULL);
/*!40000 ALTER TABLE `token` ENABLE KEYS */;
UNLOCK TABLES;

--
-- Table structure for table `vocal_range`
--

DROP TABLE IF EXISTS `vocal_range`;
/*!40101 SET @saved_cs_client     = @@character_set_client */;
/*!50503 SET character_set_client = utf8mb4 */;
CREATE TABLE `vocal_range` (
  `highest_midi` int NOT NULL,
  `lowest_midi` int NOT NULL,
  `created_date` datetime(6) DEFAULT NULL,
  `last_modified_date` datetime(6) DEFAULT NULL,
  `vocal_range_id` bigint NOT NULL AUTO_INCREMENT,
  `highest_note` varchar(10) DEFAULT NULL,
  `lowest_note` varchar(10) DEFAULT NULL,
  `created_by` varchar(255) DEFAULT NULL,
  `last_modified_by` varchar(255) DEFAULT NULL,
  PRIMARY KEY (`vocal_range_id`)
) ENGINE=InnoDB AUTO_INCREMENT=53 DEFAULT CHARSET=utf8mb4 COLLATE=utf8mb4_0900_ai_ci;
/*!40101 SET character_set_client = @saved_cs_client */;

--
-- Dumping data for table `vocal_range`
--

LOCK TABLES `vocal_range` WRITE;
/*!40000 ALTER TABLE `vocal_range` DISABLE KEYS */;
INSERT INTO `vocal_range` VALUES (54,54,'2024-02-08 13:18:48.282423','2024-02-08 13:18:48.282423',1,'F#3','F#3','3024246d-14c1-4076-a1b1-41464d0b664a','3024246d-14c1-4076-a1b1-41464d0b664a'),(79,53,NULL,NULL,2,'G5','F3',NULL,NULL),(79,53,NULL,NULL,3,'G5','F3',NULL,NULL),(79,53,NULL,NULL,4,'G5','F3',NULL,NULL),(79,53,NULL,NULL,5,'G5','F3',NULL,NULL),(79,53,NULL,NULL,6,'G5','F3',NULL,NULL),(59,41,'2024-02-15 17:10:43.583702','2024-02-15 17:10:43.583702',8,'B3','F2','0cd0169d-80c0-4f70-baec-dbacb60fbb36','0cd0169d-80c0-4f70-baec-dbacb60fbb36'),(57,36,'2024-02-15 17:13:31.453994','2024-02-15 17:13:31.453994',9,'A3','C2','2fd95117-56b2-4a2d-b0d1-2530f0743d00','2fd95117-56b2-4a2d-b0d1-2530f0743d00'),(57,45,'2024-02-15 17:16:45.945594','2024-02-15 17:16:45.945594',10,'A3','A2','d7faed2d-ac21-4b9c-b612-9bc3aeeeb845','d7faed2d-ac21-4b9c-b612-9bc3aeeeb845'),(67,38,'2024-02-15 17:22:43.168151','2024-02-15 17:22:43.168151',11,'G4','D2','c203a0d1-ed44-4218-ae49-9377d6d11c1c','c203a0d1-ed44-4218-ae49-9377d6d11c1c'),(74,53,'2024-02-15 17:22:57.589312','2024-02-15 17:22:57.589312',12,'D5','F3','49405e60-c469-4d6b-80fe-a06801dda35f','49405e60-c469-4d6b-80fe-a06801dda35f'),(57,55,'2024-02-15 17:25:08.458209','2024-02-15 17:25:08.458209',13,'A3','G3','fa21f77b-49c9-40e9-95cd-528db60f7adf','fa21f77b-49c9-40e9-95cd-528db60f7adf'),(62,43,'2024-02-15 17:34:49.417708','2024-02-15 17:34:49.417708',14,'D4','G2','af8d3156-ccf8-4b6d-8387-901053ac7a3b','af8d3156-ccf8-4b6d-8387-901053ac7a3b'),(60,53,'2024-02-15 17:40:20.581076','2024-02-15 17:40:20.581076',15,'C4','F3','47fbb26a-a6aa-4be7-bbdf-fe77598f1f65','47fbb26a-a6aa-4be7-bbdf-fe77598f1f65'),(72,53,'2024-02-15 17:40:44.475772','2024-02-15 17:40:44.475772',16,'C5','F3','c96e9522-9651-4b4a-943a-054870a9418d','c96e9522-9651-4b4a-943a-054870a9418d'),(72,53,'2024-02-15 17:45:05.918795','2024-02-15 17:45:05.918795',17,'C5','F3','f99dbab0-325a-435f-933c-f9ca2896d2a5','f99dbab0-325a-435f-933c-f9ca2896d2a5'),(72,50,'2024-02-15 17:51:14.088772','2024-02-15 17:51:14.088772',18,'C5','D3','14ba0b57-2f98-46da-a5bf-e183676a9f98','14ba0b57-2f98-46da-a5bf-e183676a9f98'),(71,48,'2024-02-15 17:51:39.058251','2024-02-15 17:51:39.058251',19,'B4','C3','287f417d-d7a7-4506-8d30-60fb7eb3197b','287f417d-d7a7-4506-8d30-60fb7eb3197b'),(62,36,'2024-02-15 17:56:42.747705','2024-02-15 17:56:42.747705',20,'D4','C2','7f5a5ee4-4cf9-4984-ad21-3f1012326999','7f5a5ee4-4cf9-4984-ad21-3f1012326999'),(69,43,'2024-02-15 18:09:07.444934','2024-02-15 18:09:07.444934',21,'A4','G2','15480b08-1a86-4686-ae37-7b3d3fd7f71b','15480b08-1a86-4686-ae37-7b3d3fd7f71b'),(67,50,'2024-02-15 18:10:59.914652','2024-02-15 18:10:59.914652',22,'G4','D3','5f219eaa-bf0c-446e-96fe-f3d4075fbb13','5f219eaa-bf0c-446e-96fe-f3d4075fbb13'),(67,45,'2024-02-15 18:13:07.411365','2024-02-15 18:13:07.411365',23,'G4','A2','23eb5655-1cb1-4abc-8919-3814a1c7779f','23eb5655-1cb1-4abc-8919-3814a1c7779f'),(64,43,'2024-02-15 18:13:39.701218','2024-02-15 18:13:39.701218',24,'E4','G2','369e0a47-0ab3-45bf-9f1c-d2f95dd28b37','369e0a47-0ab3-45bf-9f1c-d2f95dd28b37'),(98,55,'2024-02-15 18:15:23.898074','2024-02-15 18:15:23.898074',25,'D7','G3','ac89bb0c-5fe1-4d2f-a889-e7b0b4a60595','ac89bb0c-5fe1-4d2f-a889-e7b0b4a60595'),(73,48,'2024-02-15 18:17:06.127142','2024-02-15 18:17:06.127142',26,'B5','C3','448bff4f-ba5c-49a7-81bd-2be98d795f32','448bff4f-ba5c-49a7-81bd-2be98d795f32'),(79,45,'2024-02-15 18:17:34.478506','2024-02-15 18:17:34.478506',27,'G5','A2','13fa70bd-ce6e-4cb9-96ef-fe610bfc7ac2','13fa70bd-ce6e-4cb9-96ef-fe610bfc7ac2'),(71,45,'2024-02-15 18:20:05.105465','2024-02-15 18:20:05.105465',28,'B4','A2','7e935c25-1c53-4cbf-9523-558d3d712b04','7e935c25-1c53-4cbf-9523-558d3d712b04'),(60,52,'2024-02-15 18:21:35.259740','2024-02-15 18:21:35.259740',29,'C4','E3','6126e043-9ee8-4383-bdb8-5f57c4a70f23','6126e043-9ee8-4383-bdb8-5f57c4a70f23'),(60,36,'2024-02-15 18:24:14.504828','2024-02-15 18:24:14.504828',30,'C4','C2','93931d01-fe2e-4394-9a1c-13044b1d5864','93931d01-fe2e-4394-9a1c-13044b1d5864'),(60,48,'2024-02-15 20:11:16.371379','2024-02-15 20:11:16.371379',31,'C4','C3','3f1f2625-bdd1-4986-8bfe-bdcd74b64068','3f1f2625-bdd1-4986-8bfe-bdcd74b64068'),(72,65,'2024-02-15 20:11:42.711605','2024-02-15 20:11:42.711605',32,'C5','F4','22148e3d-bd33-43c1-8d5c-922631d3b671','22148e3d-bd33-43c1-8d5c-922631d3b671'),(74,65,'2024-02-15 20:59:44.293804','2024-02-15 20:59:44.293804',33,'D5','F4','9bbccabf-4c11-41ec-863a-216a10dd6b50','9bbccabf-4c11-41ec-863a-216a10dd6b50'),(98,67,'2024-02-15 21:00:35.706593','2024-02-15 21:00:35.706593',34,'D7','G4','cc034129-441a-468f-aee2-7f8dfc8e5ed2','cc034129-441a-468f-aee2-7f8dfc8e5ed2'),(89,81,'2024-02-15 21:01:13.804636','2024-02-15 21:01:13.804636',35,'F6','A5','aced4755-101e-493e-81f0-9cb4ea4c41fd','aced4755-101e-493e-81f0-9cb4ea4c41fd'),(72,81,'2024-02-15 21:01:59.124613','2024-02-15 21:01:59.124613',36,'C5','A5','990889f1-62fd-4df8-a2d9-964beb81898b','990889f1-62fd-4df8-a2d9-964beb81898b'),(74,45,'2024-02-15 21:03:16.454847','2024-02-15 21:03:16.454847',37,'D5','A2','5bb5718d-36ce-4240-8f9f-4d944565ba8d','5bb5718d-36ce-4240-8f9f-4d944565ba8d'),(74,45,'2024-02-15 21:03:40.888557','2024-02-15 21:03:40.888557',38,'D5','A2','9f11779f-51d9-4315-a751-c0d0ba22787a','9f11779f-51d9-4315-a751-c0d0ba22787a'),(84,84,'2024-02-15 21:04:54.204309','2024-02-15 21:04:54.204309',39,'C6','C6','c8845718-245f-4d0c-95d0-11bf76b83a37','c8845718-245f-4d0c-95d0-11bf76b83a37'),(91,35,'2024-02-15 21:18:03.094781','2024-02-15 21:18:03.094781',40,'G6','B1','aef52de0-b8c1-4d8e-95a9-675d667f56c8','aef52de0-b8c1-4d8e-95a9-675d667f56c8'),(81,35,'2024-02-15 21:18:18.245460','2024-02-15 21:18:18.245460',41,'A5','B1','a582e38b-18f4-486a-be66-12be0b5fe41f','a582e38b-18f4-486a-be66-12be0b5fe41f'),(84,47,'2024-02-15 21:27:04.945860','2024-02-15 21:27:04.945860',42,'C6','B2','1acdf633-88c1-4357-a292-d40f9751363c','1acdf633-88c1-4357-a292-d40f9751363c'),(79,77,'2024-02-15 21:27:19.265712','2024-02-15 21:27:19.265712',43,'G5','F5','e508729d-7ff6-445e-903d-04726147566e','e508729d-7ff6-445e-903d-04726147566e'),(79,43,'2024-02-15 21:27:54.357779','2024-02-15 21:27:54.357779',44,'G5','G2','5deac0fa-2389-409b-8537-d5cac769faab','5deac0fa-2389-409b-8537-d5cac769faab'),(67,36,'2024-02-15 21:28:29.474848','2024-02-15 21:28:29.474848',45,'G4','C2','e02e3bce-8717-4a28-a738-515df3fd6085','e02e3bce-8717-4a28-a738-515df3fd6085'),(59,53,'2024-02-15 21:35:41.461148','2024-02-15 21:35:41.461148',46,'B3','F3','0362db7e-b1f3-457b-830d-90927ee82acb','0362db7e-b1f3-457b-830d-90927ee82acb'),(69,43,'2024-02-15 22:01:39.016252','2024-02-15 22:01:39.016252',47,'A4','G2','0ff7c0ea-43fe-4b29-9188-67d1bc96dca4','0ff7c0ea-43fe-4b29-9188-67d1bc96dca4'),(69,50,'2024-02-15 22:07:57.318341','2024-02-15 22:07:57.318341',48,'A4','D3','ca878c29-ed96-47f1-8940-b7f0544ab612','ca878c29-ed96-47f1-8940-b7f0544ab612'),(53,41,'2024-02-15 22:12:26.915118','2024-02-15 22:12:26.915118',49,'F3','F2','1d53769f-a9d1-4608-8944-9a99a5a5dc11','1d53769f-a9d1-4608-8944-9a99a5a5dc11'),(69,41,'2024-02-15 22:18:16.278279','2024-02-15 22:18:16.278279',50,'A4','F2','70e0e07e-6bde-4ed1-b735-e8da7a2bb6a4','70e0e07e-6bde-4ed1-b735-e8da7a2bb6a4'),(67,55,'2024-02-15 22:20:35.719094','2024-02-15 22:20:35.719094',51,'G4','G3','c48618bf-9c7f-47ba-867d-b6197f50f91b','c48618bf-9c7f-47ba-867d-b6197f50f91b'),(73,33,'2024-02-15 22:27:44.020702','2024-02-15 22:27:44.020702',52,'C5','A1','23c0e9b2-77d8-42c1-9357-aa714f828f45','23c0e9b2-77d8-42c1-9357-aa714f828f45');
/*!40000 ALTER TABLE `vocal_range` ENABLE KEYS */;
UNLOCK TABLES;
/*!40103 SET TIME_ZONE=@OLD_TIME_ZONE */;

/*!40101 SET SQL_MODE=@OLD_SQL_MODE */;
/*!40014 SET FOREIGN_KEY_CHECKS=@OLD_FOREIGN_KEY_CHECKS */;
/*!40014 SET UNIQUE_CHECKS=@OLD_UNIQUE_CHECKS */;
/*!40101 SET CHARACTER_SET_CLIENT=@OLD_CHARACTER_SET_CLIENT */;
/*!40101 SET CHARACTER_SET_RESULTS=@OLD_CHARACTER_SET_RESULTS */;
/*!40101 SET COLLATION_CONNECTION=@OLD_COLLATION_CONNECTION */;
/*!40111 SET SQL_NOTES=@OLD_SQL_NOTES */;

-- Dump completed on 2024-02-15 22:40:24
